CNAE PRIMARIO,MERCADO,QT_SESI,QT_SENAI,QT_SESI_SENAI,QT_SESI_OU_SENAI,SEM_RELACIONAMENTO,PENETRACAO_SESI_%,PENETRACAO_SENAI_%,PENETRACAO_COMBINADA_%,GAP_SESI,GAP_SENAI,GAP_COMBINADO
Obras de alvenaria,2549,1,0,0,1,2548,0.0392,0.0,0.0392,2548,2549,2548
Construcao de edificios,2302,42,52,15,79,2223,1.8245,2.2589,3.4318,2260,2250,2223
Instalacao e manutencao eletrica,2130,13,10,1,22,2108,0.6103,0.4695,1.0329,2117,2120,2108
Fabricacao de produtos de padaria e confeitaria com predominancia de producao propria,1834,44,15,8,51,1783,2.3991,0.8179,2.7808,1790,1819,1783
Servicos de manutencao e reparacao mecanica de veiculos automotores,1479,14,5,0,19,1460,0.9466,0.3381,1.2847,1465,1474,1460
Servicos de engenharia,1078,9,5,1,13,1065,0.8349,0.4638,1.2059,1069,1073,1065
"Instalacao e manutencao de sistemas centrais de ar condicionado, de ventilacao e refrigeracao",964,1,2,0,3,961,0.1037,0.2075,0.3112,963,962,961
Fabricacao de moveis com predominancia de madeira,946,12,9,6,15,931,1.2685,0.9514,1.5856,934,937,931
Incorporacao de empreendimentos imobiliarios,888,24,25,8,41,847,2.7027,2.8153,4.6171,864,863,847
"Confeccao, sob medida, de pecas do vestuario, exceto roupas intimas",843,4,2,2,4,839,0.4745,0.2372,0.4745,839,841,839
Servicos de pintura de edificios em geral,793,1,1,0,2,791,0.1261,0.1261,0.2522,792,792,791
Fabricacao de produtos diversos nao especificados anteriormente,738,0,0,0,0,738,0.0,0.0,0.0,738,738,738
"Fabricacao de artigos de serralheria, exceto esquadrias",638,0,0,0,0,638,0.0,0.0,0.0,638,638,638
Coleta de residuos nao perigosos,593,5,0,0,5,588,0.8432,0.0,0.8432,588,593,588
"Confeccao de pecas de vestuario, exceto roupas intimas e as confeccionadas sob medida",575,8,2,1,9,566,1.3913,0.3478,1.5652,567,573,566
Manutencao e reparacao de motocicletas e motonetas,546,0,0,0,0,546,0.0,0.0,0.0,546,546,546
Fornecimento de alimentos preparados preponderantemente para empresas,544,11,3,1,13,531,2.0221,0.5515,2.3897,533,541,531
Servicos de lanternagem ou funilaria e pintura de veiculos automotores,534,5,0,0,5,529,0.9363,0.0,0.9363,529,534,529
Servicos de comunicacao multimidia - scm,402,29,2,1,30,372,7.2139,0.4975,7.4627,373,400,372
Fabricacao de produtos de panificacao industrial,396,10,2,1,11,385,2.5253,0.5051,2.7778,386,394,385
"Servicos de usinagem, tornearia e solda",350,1,2,1,2,348,0.2857,0.5714,0.5714,349,348,348
Servicos de montagem de moveis de qualquer material,339,0,0,0,0,339,0.0,0.0,0.0,339,339,339
"Servicos de instalacao, manutencao e reparacao de acessorios para veiculos automotores",314,5,0,0,5,309,1.5924,0.0,1.5924,309,314,309
Servicos de borracharia para veiculos automotores,305,1,0,0,1,304,0.3279,0.0,0.3279,304,305,304
Fabricacao de bijuterias e artefatos semelhantes,284,3,0,0,3,281,1.0563,0.0,1.0563,281,284,281
Outras atividades de telecomunicacoes nao especificadas anteriormente,280,0,1,0,1,279,0.0,0.3571,0.3571,280,279,279
Impressao de material para uso publicitario,270,5,3,2,6,264,1.8519,1.1111,2.2222,265,267,264
Fabricacao de outros produtos texteis nao especificados anteriormente,265,0,0,0,0,265,0.0,0.0,0.0,265,265,265
Impressao de material para outros usos,263,10,3,2,11,252,3.8023,1.1407,4.1825,253,260,252
Obras de acabamento em gesso e estuque,240,0,0,0,0,240,0.0,0.0,0.0,240,240,240
Manutencao e reparacao de maquinas e aparelhos de refrigeracao e ventilacao para uso industrial e comercial,234,2,0,0,2,232,0.8547,0.0,0.8547,232,234,232
Servicos de manutencao e reparacao eletrica de veiculos automotores,230,0,0,0,0,230,0.0,0.0,0.0,230,230,230
Fabricacao de massas alimenticias,226,1,1,1,1,225,0.4425,0.4425,0.4425,225,225,225
"Fabricacao de produtos de pastas celulosicas, papel, cartolina, papel cartao e papelao ondulado nao especificados anteriormente",212,0,0,0,0,212,0.0,0.0,0.0,212,212,212
Outras obras de acabamento da construcao,205,1,1,1,1,204,0.4878,0.4878,0.4878,204,204,204
Instalacao de maquinas e equipamentos industriais,200,2,2,0,4,196,1.0,1.0,2.0,198,198,196
Servicos de pre impressao,196,0,0,0,0,196,0.0,0.0,0.0,196,196,196
Fabricacao de alimentos e pratos prontos,196,0,3,0,3,193,0.0,1.5306,1.5306,196,193,193
Provedores de acesso as redes de comunicacoes,190,12,0,0,12,178,6.3158,0.0,6.3158,178,190,178
"Instalacoes hidraulicas, sanitarias e de gas",182,1,1,1,1,181,0.5495,0.5495,0.5495,181,181,181
"Fabricacao de artefatos diversos de madeira, exceto moveis",176,2,2,2,2,174,1.1364,1.1364,1.1364,174,174,174
Fabricacao de esquadrias de metal,166,6,2,0,8,158,3.6145,1.2048,4.8193,160,164,158
Servicos de capotaria,155,2,0,0,2,153,1.2903,0.0,1.2903,153,155,153
"Aparelhamento de placas e execucao de trabalhos em marmore, granito, ardosia e outras pedras",154,10,2,1,11,143,6.4935,1.2987,7.1429,144,152,143
"Fabricacao de letras, letreiros e placas de qualquer material, exceto luminosos",141,2,0,0,2,139,1.4184,0.0,1.4184,139,141,139
"Instalacao de portas, janelas, tetos, divisorias e armarios embutidos de qualquer material",140,3,0,0,3,137,2.1429,0.0,2.1429,137,140,137
Aplicacao de revestimentos e de resinas em interiores e exteriores,134,0,0,0,0,134,0.0,0.0,0.0,134,134,134
Atividades do correio nacional,122,0,0,0,0,122,0.0,0.0,0.0,122,122,122
Fabricacao de outros artigos de carpintaria para construcao,120,0,0,0,0,120,0.0,0.0,0.0,120,120,120
Fabricacao de gelo comum,112,3,1,0,4,108,2.6786,0.8929,3.5714,109,111,108
Obras de terraplenagem,104,2,3,1,4,100,1.9231,2.8846,3.8462,102,101,100
Servicos de confeccao de armacoes metalicas para a construcao,103,0,0,0,0,103,0.0,0.0,0.0,103,103,103
"Outros servicos de acabamento em fios, tecidos, artefatos texteis e pecas do vestuario",101,0,0,0,0,101,0.0,0.0,0.0,101,101,101
"Manutencao e reparacao de geradores, transformadores e motores eletricos",101,1,0,0,1,100,0.9901,0.0,0.9901,100,101,100
Servicos especializados para construcao nao especificados anteriormente,96,2,0,0,2,94,2.0833,0.0,2.0833,94,96,94
Geracao de energia eletrica,94,1,1,1,1,93,1.0638,1.0638,1.0638,93,93,93
Fabricacao de laticinios,92,15,6,3,18,74,16.3043,6.5217,19.5652,77,86,74
"Extracao de areia, cascalho ou pedregulho e beneficiamento associado",91,0,0,0,0,91,0.0,0.0,0.0,91,91,91
"Faccao de pecas do vestuario, exceto roupas intimas",86,1,0,0,1,85,1.1628,0.0,1.1628,85,86,85
"Fabricacao de outros artefatos e produtos de concreto, cimento, fibrocimento, gesso e materiais semelhantes",85,1,2,1,2,83,1.1765,2.3529,2.3529,84,83,83
Fabricacao de biscoitos e bolachas,83,6,3,1,8,75,7.2289,3.6145,9.6386,77,80,75
Administracao de obras,82,2,2,0,4,78,2.439,2.439,4.878,80,80,78
Fabricacao de conservas de frutas,82,5,3,0,8,74,6.0976,3.6585,9.7561,77,79,74
"Fabricacao de artigos do vestuario, produzidos em malharias e tricotagens, exceto meias",79,1,0,0,1,78,1.2658,0.0,1.2658,78,79,78
Transmissao de energia eletrica,79,0,0,0,0,79,0.0,0.0,0.0,79,79,79
Construcao de rodovias e ferrovias,77,0,9,0,9,68,0.0,11.6883,11.6883,77,68,68
"Estamparia e texturizacao em fios, tecidos, artefatos texteis e pecas do vestuario",76,0,0,0,0,76,0.0,0.0,0.0,76,76,76
Recondicionamento e recuperacao de motores para veiculos automotores,75,2,0,0,2,73,2.6667,0.0,2.6667,73,75,73
"Manutencao e reparacao de tanques, reservatorios metalicos e caldeiras, exceto para veiculos",72,2,0,0,2,70,2.7778,0.0,2.7778,70,72,70
Fabricacao de produtos ceramicos nao refratarios nao especificados anteriormente,70,0,0,0,0,70,0.0,0.0,0.0,70,70,70
Instalacao de paineis publicitarios,66,0,0,0,0,66,0.0,0.0,0.0,66,66,66
Manutencao e reparacao de maquinas e equipamentos para uso geral nao especificados anteriormente,66,0,0,0,0,66,0.0,0.0,0.0,66,66,66
Outras obras de engenharia civil nao especificadas anteriormente,66,1,1,1,1,65,1.5152,1.5152,1.5152,65,65,65
Recuperacao de materiais plasticos,62,1,2,1,2,60,1.6129,3.2258,3.2258,61,60,60
"Manutencao e reparacao de equipamentos hidraulicos e pneumaticos, exceto valvulas",62,1,2,1,2,60,1.6129,3.2258,3.2258,61,60,60
"Obras de urbanizacao - ruas, pracas e calcadas",62,3,3,0,6,56,4.8387,4.8387,9.6774,59,59,56
Fabricacao de acucar em bruto,60,7,4,2,9,51,11.6667,6.6667,15.0,53,56,51
"Fabricacao de estruturas pre moldadas de concreto armado, em serie e sob encomenda",59,4,5,2,7,52,6.7797,8.4746,11.8644,55,54,52
Desenvolvimento e licenciamento de programas de computador nao customizaveis,58,0,0,0,0,58,0.0,0.0,0.0,58,58,58
Recuperacao de sucatas de aluminio,56,1,0,0,1,55,1.7857,0.0,1.7857,55,56,55
Manutencao e reparacao de equipamentos e produtos nao especificados anteriormente,54,0,0,0,0,54,0.0,0.0,0.0,54,54,54
Faccao de roupas profissionais,53,2,1,1,2,51,3.7736,1.8868,3.7736,51,52,51
Fabricacao de sorvetes e outros gelados comestiveis,51,8,6,5,9,42,15.6863,11.7647,17.6471,43,45,42
"Captacao, tratamento e distribuicao de agua",49,4,4,3,5,44,8.1633,8.1633,10.2041,45,45,44
"Manutencao e reparacao de maquinas, aparelhos e materiais eletricos nao especificados anteriormente",47,3,3,2,4,43,6.383,6.383,8.5106,44,44,43
Perfuracao e construcao de pocos de agua,45,3,0,0,3,42,6.6667,0.0,6.6667,42,45,42
Fabricacao de embalagens de material plastico,45,9,3,2,10,35,20.0,6.6667,22.2222,36,42,35
"Fabricacao de especiarias, molhos, temperos e condimentos",45,1,2,1,2,43,2.2222,4.4444,4.4444,44,43,43
"Fabricacao de artigos para viagem, bolsas e semelhantes de qualquer material",45,2,1,1,2,43,4.4444,2.2222,4.4444,43,44,43
Instalacoes de sistema de prevencao contra incendio,44,0,0,0,0,44,0.0,0.0,0.0,44,44,44
Acabamento de calcados de couro sob contrato,44,0,0,0,0,44,0.0,0.0,0.0,44,44,44
Fabricacao de artefatos de couro nao especificados anteriormente,44,0,0,0,0,44,0.0,0.0,0.0,44,44,44
Fabricacao de artefatos de cimento para uso na construcao,43,5,3,2,6,37,11.6279,6.9767,13.9535,38,40,37
"Fabricacao de moveis de outros materiais, exceto madeira e metal",43,3,1,1,3,40,6.9767,2.3256,6.9767,40,42,40
Fabricacao de produtos derivados do cacau e de chocolates,42,1,1,1,1,41,2.381,2.381,2.381,41,41,41
"Manutencao e reparacao de maquinas e equipamentos para as industrias de alimentos, bebidas e fumo",41,1,1,1,1,40,2.439,2.439,2.439,40,40,40
Fabricacao de artefatos de material plastico para outros usos nao especificados anteriormente,41,4,3,2,5,36,9.7561,7.3171,12.1951,37,38,36
Fabricacao de outros produtos de metal nao especificados anteriormente,39,2,2,0,4,35,5.1282,5.1282,10.2564,37,37,35
Manutencao e reparacao de outras maquinas e equipamentos para usos industriais nao especificados anteriormente,39,3,2,2,3,36,7.6923,5.1282,7.6923,36,37,36
"Instalacao, manutencao e reparacao de elevadores, escadas e esteiras rolantes",38,1,0,0,1,37,2.6316,0.0,2.6316,37,38,37
Confeccao de roupas intimas,38,5,1,1,5,33,13.1579,2.6316,13.1579,33,37,33
Fabricacao de produtos de limpeza e polimento,38,2,0,0,2,36,5.2632,0.0,5.2632,36,38,36
Manutencao e reparacao de maquinas e equipamentos para agricultura e pecuaria,37,0,0,0,0,37,0.0,0.0,0.0,37,37,37
Producao de artefatos estampados de metal,37,1,0,0,1,36,2.7027,0.0,2.7027,36,37,36
Fabricacao de alimentos para animais,36,4,1,1,4,32,11.1111,2.7778,11.1111,32,35,32
Fabricacao de artefatos texteis para uso domestico,36,1,0,0,1,35,2.7778,0.0,2.7778,35,36,35
"Tratamentos termicos, acusticos ou de vibracao",35,0,0,0,0,35,0.0,0.0,0.0,35,35,35
Aluguel de andaimes,35,0,0,0,0,35,0.0,0.0,0.0,35,35,35
Servicos de encadernacao e plastificacao,35,0,0,0,0,35,0.0,0.0,0.0,35,35,35
"Fabricacao de artefatos de ceramica e barro cozido para uso na construcao, exceto azulejos e pisos",33,5,2,0,7,26,15.1515,6.0606,21.2121,28,31,26
"Recuperacao de materiais metalicos, exceto aluminio",32,1,0,0,1,31,3.125,0.0,3.125,31,32,31
Recuperacao de materiais nao especificados anteriormente,31,4,2,2,4,27,12.9032,6.4516,12.9032,27,29,27
"Fabricacao de outros produtos do fumo, exceto cigarros, cigarrilhas e charutos",29,0,0,0,0,29,0.0,0.0,0.0,29,29,29
"Fabricacao de sucos de frutas, hortalicas e legumes, exceto concentrados",29,1,2,1,2,27,3.4483,6.8966,6.8966,28,27,27
Abate de aves,29,2,1,1,2,27,6.8966,3.4483,6.8966,27,28,27
Fabricacao de artefatos de tapecaria,28,1,0,0,1,27,3.5714,0.0,3.5714,27,28,27
Fabricacao de artefatos de borracha nao especificados anteriormente,28,0,0,0,0,28,0.0,0.0,0.0,28,28,28
Fabricacao de aguas envasadas,28,8,3,3,8,20,28.5714,10.7143,28.5714,20,25,20
Servicos de alinhamento e balanceamento de veiculos automotores,27,1,0,0,1,26,3.7037,0.0,3.7037,26,27,26
Preparacao de massa de concreto e argamassa para construcao,27,9,5,4,10,17,33.3333,18.5185,37.037,18,22,17
Fabricacao de paineis e letreiros luminosos,27,0,0,0,0,27,0.0,0.0,0.0,27,27,27
Fabricacao de outros produtos alimenticios nao especificados anteriormente,27,3,1,1,3,24,11.1111,3.7037,11.1111,24,26,24
Atividades de franqueadas do correio nacional,26,1,0,0,1,25,3.8462,0.0,3.8462,25,26,25
Distribuicao de energia eletrica,26,0,1,0,1,25,0.0,3.8462,3.8462,26,25,25
"Construcao de redes de abastecimento de agua, coleta de esgoto e construcoes correlatas, exceto obras de irrigacao",25,0,3,0,3,22,0.0,12.0,12.0,25,22,22
"Atividades relacionadas a esgoto, exceto a gestao de redes",25,0,0,0,0,25,0.0,0.0,0.0,25,25,25
Montagem de estruturas metalicas,25,0,0,0,0,25,0.0,0.0,0.0,25,25,25
Fabricacao de produtos de carne,25,2,0,0,2,23,8.0,0.0,8.0,23,25,23
Servicos de telefonia fixa comutada - stfc,25,0,0,0,0,25,0.0,0.0,0.0,25,25,25
Fabricacao de obras de caldeiraria pesada,24,0,0,0,0,24,0.0,0.0,0.0,24,24,24
Fabricacao de esquadrias de madeira e de pecas de madeira para instalacoes industriais e comerciais,23,3,1,1,3,20,13.0435,4.3478,13.0435,20,22,20
"Confeccao de roupas profissionais, exceto sob medida",23,7,2,2,7,16,30.4348,8.6957,30.4348,16,21,16
Fabricacao de outros brinquedos e jogos recreativos nao especificados anteriormente,22,0,0,0,0,22,0.0,0.0,0.0,22,22,22
Manutencao e reparacao de embarcacoes para esporte e lazer,22,0,0,0,0,22,0.0,0.0,0.0,22,22,22
"Fabricacao de cosmeticos, produtos de perfumaria e de higiene pessoal",22,3,0,0,3,19,13.6364,0.0,13.6364,19,22,19
Fabricacao de farinha de mandioca e derivados,22,1,0,0,1,21,4.5455,0.0,4.5455,21,22,21
Telefonia movel celular,21,0,0,0,0,21,0.0,0.0,0.0,21,21,21
"Fabricacao de velas, inclusive decorativas",21,0,0,0,0,21,0.0,0.0,0.0,21,21,21
Obras de montagem industrial,21,0,0,0,0,21,0.0,0.0,0.0,21,21,21
Construcao de estacoes e redes de distribuicao de energia eletrica,20,0,0,0,0,20,0.0,0.0,0.0,20,20,20
Moagem e fabricacao de produtos de origem vegetal nao especificados anteriormente,20,3,0,0,3,17,15.0,0.0,15.0,17,20,17
Extracao e britamento de pedras e outros materiais para construcao e beneficiamento associado,20,2,3,1,4,16,10.0,15.0,20.0,18,17,16
Preparacao do leite,20,2,1,1,2,18,10.0,5.0,10.0,18,19,18
Fabricacao de artefatos de material plastico para uso pessoal e domestico,20,8,3,3,8,12,40.0,15.0,40.0,12,17,12
Manutencao e reparacao de aparelhos eletromedicos e eletroterapeuticos e equipamentos de irradiacao,19,0,1,0,1,18,0.0,5.2632,5.2632,19,18,18
Manutencao e reparacao de maquinas motrizes nao eletricas,19,1,0,0,1,18,5.2632,0.0,5.2632,18,19,18
Fabricacao de artefatos de joalheria e ourivesaria,19,0,0,0,0,19,0.0,0.0,0.0,19,19,19
Servicos de operacao e fornecimento de equipamentos para transporte e elevacao de cargas e pessoas para uso em obras,18,1,0,0,1,17,5.5556,0.0,5.5556,17,18,17
Fabricacao de moveis com predominancia de metal,18,2,0,0,2,16,11.1111,0.0,11.1111,16,18,16
"Fabricacao de artefatos diversos de cortica, bambu, palha, vime e outros materiais trancados, exceto moveis",18,0,0,0,0,18,0.0,0.0,0.0,18,18,18
Fabricacao de estruturas metalicas,17,3,1,0,4,13,17.6471,5.8824,23.5294,14,16,13
"Fabricacao de acessorios do vestuario, exceto para seguranca e protecao",17,2,0,0,2,15,11.7647,0.0,11.7647,15,17,15
"Fabricacao de canetas, lapis e outros artigos para escritorio",17,0,0,0,0,17,0.0,0.0,0.0,17,17,17
Fabricacao de aguardente de cana de acucar,17,2,2,2,2,15,11.7647,11.7647,11.7647,15,15,15
Fabricacao de amidos e feculas de vegetais,17,0,0,0,0,17,0.0,0.0,0.0,17,17,17
Atividades de apoio a extracao de petroleo e gas natural,17,1,1,0,2,15,5.8824,5.8824,11.7647,16,16,15
"Fabricacao de sucos concentrados de frutas, hortalicas e legumes",16,1,0,0,1,15,6.25,0.0,6.25,15,16,15
Fabricacao de embalagens de papel,16,1,1,1,1,15,6.25,6.25,6.25,15,15,15
Manutencao e reparacao de tratores agricolas,16,0,0,0,0,16,0.0,0.0,0.0,16,16,16
Beneficiamento de arroz,16,1,0,0,1,15,6.25,0.0,6.25,15,16,15
"Fabricacao de cabines, carrocerias e reboques para caminhoes",15,1,2,1,2,13,6.6667,13.3333,13.3333,14,13,13
"Montagem e instalacao de sistemas e equipamentos de iluminacao e sinalizacao em vias publicas, portos e aeroportos",15,0,0,0,0,15,0.0,0.0,0.0,15,15,15
Servicos de tratamento e revestimento em metais,15,1,2,0,3,12,6.6667,13.3333,20.0,14,13,12
"Fabricacao de tintas, vernizes, esmaltes e lacas",15,3,2,2,3,12,20.0,13.3333,20.0,12,13,12
Fabricacao de outros produtos quimicos nao especificados anteriormente,14,1,1,0,2,12,7.1429,7.1429,14.2857,13,13,12
Frigorifico - abate de bovinos,14,2,0,0,2,12,14.2857,0.0,14.2857,12,14,12
"Impressao de livros, revistas e outras publicacoes periodicas",14,1,1,0,2,12,7.1429,7.1429,14.2857,13,13,12
Fabricacao de colchoes,13,2,2,1,3,10,15.3846,15.3846,23.0769,11,11,10
Impermeabilizacao em obras de engenharia civil,13,0,0,0,0,13,0.0,0.0,0.0,13,13,13
"Confeccao, sob medida, de roupas profissionais",13,5,0,0,5,8,38.4615,0.0,38.4615,8,13,8
Servico de corte e dobra de metais,13,0,0,0,0,13,0.0,0.0,0.0,13,13,13
Fabricacao de artigos de vidro,13,0,0,0,0,13,0.0,0.0,0.0,13,13,13
"Decoracao, lapidacao, gravacao, vitrificacao e outros trabalhos em ceramica, louca, vidro e cristal",13,0,0,0,0,13,0.0,0.0,0.0,13,13,13
Fabricacao de alcool,13,1,0,0,1,12,7.6923,0.0,7.6923,12,13,12
Fabricacao de artigos de metal para uso domestico e pessoal,13,1,0,0,1,12,7.6923,0.0,7.6923,12,13,12
Fabricacao de calcados de materiais nao especificados anteriormente,12,0,0,0,0,12,0.0,0.0,0.0,12,12,12
Fabricacao de artefatos de material plastico para usos industriais,12,1,0,0,1,11,8.3333,0.0,8.3333,11,12,11
"Fabricacao de farinha de milho e derivados, exceto oleos de milho",12,2,0,0,2,10,16.6667,0.0,16.6667,10,12,10
Fabricacao de equipamentos e acessorios para seguranca pessoal e profissional,11,0,0,0,0,11,0.0,0.0,0.0,11,11,11
Coleta de residuos perigosos,11,1,0,0,1,10,9.0909,0.0,9.0909,10,11,10
Fabricacao de saboes e detergentes sinteticos,11,2,1,1,2,9,18.1818,9.0909,18.1818,9,10,9
Faccao de roupas intimas,11,0,0,0,0,11,0.0,0.0,0.0,11,11,11
Tratamento e disposicao de residuos nao perigosos,11,4,1,0,5,6,36.3636,9.0909,45.4545,7,10,6
"Fabricacao de artefatos de material plastico para uso na construcao, exceto tubos e acessorios",11,3,2,2,3,8,27.2727,18.1818,27.2727,8,9,8
"Servicos de acabamentos graficos, exceto encadernacao e plastificacao",11,0,0,0,0,11,0.0,0.0,0.0,11,11,11
Serrarias com desdobramento de madeira em bruto,10,1,1,1,1,9,10.0,10.0,10.0,9,9,9
Outras obras de instalacoes em construcoes nao especificadas anteriormente,10,0,1,0,1,9,0.0,10.0,10.0,10,9,9
Construcao de estacoes e redes de telecomunicacoes,10,3,0,0,3,7,30.0,0.0,30.0,7,10,7
"Manutencao e reparacao de maquinas e equipamentos para a industria textil, do vestuario, do couro e calcados",10,0,0,0,0,10,0.0,0.0,0.0,10,10,10
Manutencao de redes de distribuicao de energia eletrica,10,0,0,0,0,10,0.0,0.0,0.0,10,10,10
Comercio atacadista de energia eletrica,10,0,0,0,0,10,0.0,0.0,0.0,10,10,10
"Fabricacao de maquinas e equipamentos para uso industrial especifico nao especificados anteriormente, pecas e acessorios",10,1,0,0,1,9,10.0,0.0,10.0,9,10,9
"Fabricacao de adubos e fertilizantes, exceto organominerais",9,2,0,0,2,7,22.2222,0.0,22.2222,7,9,7
Reforma de pneumaticos usados,9,0,0,0,0,9,0.0,0.0,0.0,9,9,9
"Fabricacao de cabines, carrocerias e reboques para outros veiculos automotores, exceto caminhoes e onibus",9,1,0,0,1,8,11.1111,0.0,11.1111,8,9,8
Fabricacao de cervejas e chopes,9,4,2,2,4,5,44.4444,22.2222,44.4444,5,7,5
"Manutencao e reparacao de maquinas, aparelhos e equipamentos para instalacoes termicas",9,0,0,0,0,9,0.0,0.0,0.0,9,9,9
Manutencao e reparacao de valvulas industriais,9,0,1,0,1,8,0.0,11.1111,11.1111,9,8,8
Fabricacao de tubos e acessorios de material plastico para uso na construcao,9,2,2,2,2,7,22.2222,22.2222,22.2222,7,7,7
"Fabricacao de tanques, reservatorios metalicos e caldeiras para aquecimento central",9,0,0,0,0,9,0.0,0.0,0.0,9,9,9
"Fabricacao de frutas cristalizadas, balas e semelhantes",9,0,0,0,0,9,0.0,0.0,0.0,9,9,9
Fabricacao de artefatos de tanoaria e de embalagens de madeira,8,2,0,0,2,6,25.0,0.0,25.0,6,8,6
Fabricacao de embalagens de cartolina e papel cartao,8,0,0,0,0,8,0.0,0.0,0.0,8,8,8
Fabricacao de luminarias e outros equipamentos de iluminacao,8,0,0,0,0,8,0.0,0.0,0.0,8,8,8
Fabricacao de ferramentas,8,0,0,0,0,8,0.0,0.0,0.0,8,8,8
Gestao de redes de esgoto,8,1,0,0,1,7,12.5,0.0,12.5,7,8,7
"Preservacao de peixes, crustaceos e moluscos",8,1,0,0,1,7,12.5,0.0,12.5,7,8,7
Extracao de argila e beneficiamento associado,8,0,0,0,0,8,0.0,0.0,0.0,8,8,8
Construcao de obras de arte especiais,8,0,1,0,1,7,0.0,12.5,12.5,8,7,7
Perfuracoes e sondagens,8,0,0,0,0,8,0.0,0.0,0.0,8,8,8
"Manutencao e reparacao de aeronaves, exceto a manutencao na pista",7,0,0,0,0,7,0.0,0.0,0.0,7,7,7
Fabricacao de refrigerantes,7,2,0,0,2,5,28.5714,0.0,28.5714,5,7,5
Obras de fundacoes,7,1,0,0,1,6,14.2857,0.0,14.2857,6,7,6
Fabricacao de artefatos para pesca e esporte,7,0,0,0,0,7,0.0,0.0,0.0,7,7,7
Pintura para sinalizacao em pistas rodoviarias e aeroportos,7,0,0,0,0,7,0.0,0.0,0.0,7,7,7
Manutencao e reparacao de equipamentos de transmissao para fins industriais,6,0,0,0,0,6,0.0,0.0,0.0,6,6,6
"Fabricacao de produtos de papel, cartolina, papel cartao e papelao ondulado para uso industrial, comercial e de escritorio",6,0,0,0,0,6,0.0,0.0,0.0,6,6,6
Servicos de telecomunicacoes sem fio nao especificados anteriormente,6,0,0,0,0,6,0.0,0.0,0.0,6,6,6
Telecomunicacoes por satelite,6,0,0,0,0,6,0.0,0.0,0.0,6,6,6
"Fabricacao de refrescos, xaropes e pos para refrescos, exceto refrescos de frutas",6,0,0,0,0,6,0.0,0.0,0.0,6,6,6
Construcao de instalacoes esportivas e recreativas,6,0,0,0,0,6,0.0,0.0,0.0,6,6,6
"Manutencao e reparacao de maquinas para a industria metalurgica, exceto maquinas ferramenta",6,0,0,0,0,6,0.0,0.0,0.0,6,6,6
Producao de gas; processamento de gas natural,6,2,0,0,2,4,33.3333,0.0,33.3333,4,6,4
Fabricacao de artigos de cutelaria,6,0,0,0,0,6,0.0,0.0,0.0,6,6,6
Manutencao de estacoes e redes de telecomunicacoes,6,1,1,1,1,5,16.6667,16.6667,16.6667,5,5,5
Montagem e desmontagem de andaimes e outras estruturas temporarias,6,0,0,0,0,6,0.0,0.0,0.0,6,6,6
Servico de laboratorio optico,6,0,0,0,0,6,0.0,0.0,0.0,6,6,6
Extracao de madeira em florestas plantadas,5,0,0,0,0,5,0.0,0.0,0.0,5,5,5
"Fabricacao de motores e turbinas, pecas e acessorios, exceto para avioes e veiculos rodoviarios",5,2,0,0,2,3,40.0,0.0,40.0,3,5,3
Fabricacao de laminados planos e tubulares de material plastico,5,1,2,1,2,3,20.0,40.0,40.0,4,3,3
Preparacao e fiacao de fibras de algodao,5,0,0,0,0,5,0.0,0.0,0.0,5,5,5
Preparacao de canteiro e limpeza de terreno,5,0,1,0,1,4,0.0,20.0,20.0,5,4,4
Reproducao de software em qualquer suporte,5,0,0,0,0,5,0.0,0.0,0.0,5,5,5
Extracao de petroleo e gas natural,5,2,0,0,2,3,40.0,0.0,40.0,3,5,3
Extracao de outros minerais nao metalicos nao especificados anteriormente,5,1,0,0,1,4,20.0,0.0,20.0,4,5,4
"Manutencao e reparacao de maquinas de escrever, calcular e de outros equipamentos nao eletronicos para escritorio",5,0,0,0,0,5,0.0,0.0,0.0,5,5,5
Fabricacao de calcados de couro,5,0,0,0,0,5,0.0,0.0,0.0,5,5,5
Extracao de granito e beneficiamento associado,5,0,0,0,0,5,0.0,0.0,0.0,5,5,5
"Fabricacao de escovas, pinceis e vassouras",5,0,0,0,0,5,0.0,0.0,0.0,5,5,5
Fabricacao de outros produtos de minerais nao metalicos nao especificados anteriormente,5,1,0,0,1,4,20.0,0.0,20.0,4,5,4
"Fabricacao de conservas de legumes e outros vegetais, exceto palmito",5,0,0,0,0,5,0.0,0.0,0.0,5,5,5
"Fabricacao de produtos de trefilados de metal, exceto padronizados",5,2,1,1,2,3,40.0,20.0,40.0,3,4,3
"Fabricacao de produtos para infusao (cha, mate, etc.)",5,0,0,0,0,5,0.0,0.0,0.0,5,5,5
Fabricacao de vinagres,5,2,0,0,2,3,40.0,0.0,40.0,3,5,3
Fabricacao de aviamentos para costura,5,0,0,0,0,5,0.0,0.0,0.0,5,5,5
Fabricacao de desinfestantes domissanitarios,5,0,0,0,0,5,0.0,0.0,0.0,5,5,5
"Fabricacao de conservas de peixes, crustaceos e moluscos",5,1,0,0,1,4,20.0,0.0,20.0,4,5,4
Atividades de apoio a extracao de minerais metalicos nao ferrosos,4,0,0,0,0,4,0.0,0.0,0.0,4,4,4
Torrefacao e moagem de cafe,4,2,2,2,2,2,50.0,50.0,50.0,2,2,2
"Fabricacao de maquinas e equipamentos para as industrias de alimentos, bebidas e fumo, pecas e acessorios",4,1,0,0,1,3,25.0,0.0,25.0,3,4,3
Transporte dutoviario,4,1,0,0,1,3,25.0,0.0,25.0,3,4,3
Estudios cinematograficos,4,0,0,0,0,4,0.0,0.0,0.0,4,4,4
"Manutencao e reparacao de aparelhos e instrumentos de medida, teste e controle",4,0,0,0,0,4,0.0,0.0,0.0,4,4,4
Preparacao de subprodutos do abate,4,0,0,0,0,4,0.0,0.0,0.0,4,4,4
Fabricacao de resinas termoplasticas,4,1,1,0,2,2,25.0,25.0,50.0,3,3,2
Fabricacao de outras bebidas nao alcoolicas nao especificadas anteriormente,4,0,0,0,0,4,0.0,0.0,0.0,4,4,4
Fabricacao de chapas e de embalagens de papelao ondulado,4,1,1,0,2,2,25.0,25.0,50.0,3,3,2
Fabricacao de vidro plano e de seguranca,4,1,2,0,3,1,25.0,50.0,75.0,3,2,1
Fundicao de ferro e aco,3,1,0,0,1,2,33.3333,0.0,33.3333,2,3,2
Impressao de jornais,3,0,0,0,0,3,0.0,0.0,0.0,3,3,3
Fabricacao de componentes eletronicos,3,0,0,0,0,3,0.0,0.0,0.0,3,3,3
"Fabricacao de aparelhos e equipamentos de medida, teste e controle",3,0,0,0,0,3,0.0,0.0,0.0,3,3,3
Fabricacao de medicamentos alopaticos para uso humano,3,0,0,0,0,3,0.0,0.0,0.0,3,3,3
Fabricacao de cimento,3,3,1,1,3,0,100.0,33.3333,100.0,0,2,0
Impressao de material de seguranca,3,0,0,0,0,3,0.0,0.0,0.0,3,3,3
Atividades de apoio a extracao de minerais nao metalicos,3,0,0,0,0,3,0.0,0.0,0.0,3,3,3
"Fabricacao de geradores de corrente continua e alternada, pecas e acessorios",3,0,0,0,0,3,0.0,0.0,0.0,3,3,3
"Fabricacao de instrumentos musicais, pecas e acessorios",3,0,0,0,0,3,0.0,0.0,0.0,3,3,3
Fabricacao de gases industriais,3,0,0,0,0,3,0.0,0.0,0.0,3,3,3
Atividades de coordenacao e controle da operacao da geracao e transmissao de energia eletrica,3,0,0,0,0,3,0.0,0.0,0.0,3,3,3
Tratamento e disposicao de residuos perigosos,3,0,0,0,0,3,0.0,0.0,0.0,3,3,3
"Construcao de redes de transportes por dutos, exceto para agua e esgoto",3,0,0,0,0,3,0.0,0.0,0.0,3,3,3
Servico movel especializado - sme,3,0,0,0,0,3,0.0,0.0,0.0,3,3,3
Restauracao e conservacao de lugares e predios historicos,3,0,0,0,0,3,0.0,0.0,0.0,3,3,3
Moagem de trigo e fabricacao de derivados,3,0,0,0,0,3,0.0,0.0,0.0,3,3,3
"Extracao de minerais para fabricacao de adubos, fertilizantes e outros produtos quimicos",3,3,0,0,3,0,100.0,0.0,100.0,0,3,0
Construcao de embarcacoes para esporte e lazer,3,0,0,0,0,3,0.0,0.0,0.0,3,3,3
Descontaminacao e outros servicos de gestao de residuos,3,0,0,0,0,3,0.0,0.0,0.0,3,3,3
"Producao de relaminados, trefilados e perfilados de aco, exceto arames",3,0,0,0,0,3,0.0,0.0,0.0,3,3,3
Producao de carvao vegetal - florestas plantadas,3,0,0,0,0,3,0.0,0.0,0.0,3,3,3
"Preparacao e fiacao de fibras texteis naturais, exceto algodao",3,2,0,0,2,1,66.6667,0.0,66.6667,1,3,1
Processamento industrial do fumo,3,0,1,0,1,2,0.0,33.3333,33.3333,3,2,2
Extracao de minerio de metais preciosos,3,1,1,1,1,2,33.3333,33.3333,33.3333,2,2,2
"Manutencao e reparacao de maquinas, equipamentos e aparelhos para transporte e elevacao de cargas",3,0,0,0,0,3,0.0,0.0,0.0,3,3,3
"Manutencao e reparacao de maquinas e equipamentos de terraplenagem, pavimentacao e construcao, exceto tratores",3,0,0,0,0,3,0.0,0.0,0.0,3,3,3
"Producao e distribuicao de vapor, agua quente e ar condicionado",2,0,0,0,0,2,0.0,0.0,0.0,2,2,2
Manutencao e reparacao de maquinas ferramenta,2,0,0,0,0,2,0.0,0.0,0.0,2,2,2
Fabricacao de aparelhos e utensilios para correcao de defeitos fisicos e aparelhos ortopedicos em geral sob encomenda,2,0,0,0,0,2,0.0,0.0,0.0,2,2,2
Manutencao e reparacao de maquinas e aparelhos para a industria do plastico,2,0,0,0,0,2,0.0,0.0,0.0,2,2,2
"Fabricacao de biocombustiveis, exceto alcool",2,0,0,0,0,2,0.0,0.0,0.0,2,2,2
Fabricacao de artigos opticos,2,0,0,0,0,2,0.0,0.0,0.0,2,2,2
Fabricacao de cal e gesso,2,0,0,0,0,2,0.0,0.0,0.0,2,2,2
Fabricacao de calcados de material sintetico,2,0,0,0,0,2,0.0,0.0,0.0,2,2,2
Instalacao de outros equipamentos nao especificados anteriormente,2,0,0,0,0,2,0.0,0.0,0.0,2,2,2
Manutencao e reparacao de compressores,2,0,0,0,0,2,0.0,0.0,0.0,2,2,2
Fabricacao de absorventes higienicos,2,0,0,0,0,2,0.0,0.0,0.0,2,2,2
Extracao de quartzo,2,0,0,0,0,2,0.0,0.0,0.0,2,2,2
Fabricacao de aparelhos e equipamentos para distribuicao e controle de energia eletrica,2,0,0,0,0,2,0.0,0.0,0.0,2,2,2
Fabricacao de artefatos de cordoaria,2,0,0,0,0,2,0.0,0.0,0.0,2,2,2
"Manutencao e reparacao de tratores, exceto agricolas",2,0,0,0,0,2,0.0,0.0,0.0,2,2,2
Obras de irrigacao,2,0,0,0,0,2,0.0,0.0,0.0,2,2,2
"Aparelhamento de pedras para construcao, exceto associado a extracao",2,0,0,0,0,2,0.0,0.0,0.0,2,2,2
Extracao de calcario e dolomita e beneficiamento associado,2,0,0,0,0,2,0.0,0.0,0.0,2,2,2
Distribuicao de combustiveis gasosos por redes urbanas,2,0,0,0,0,2,0.0,0.0,0.0,2,2,2
Construcao de embarcacoes de grande porte,2,0,0,0,0,2,0.0,0.0,0.0,2,2,2
Fabricacao de jogos eletronicos,2,0,0,0,0,2,0.0,0.0,0.0,2,2,2
"Fabricacao de outras maquinas e equipamentos de uso geral nao especificados anteriormente, pecas e acessorios",2,0,0,0,0,2,0.0,0.0,0.0,2,2,2
Fabricacao de motocicletas,2,0,0,0,0,2,0.0,0.0,0.0,2,2,2
"Fabricacao de maquinas para a industria metalurgica, pecas e acessorios, exceto maquinas ferramenta",2,0,0,0,0,2,0.0,0.0,0.0,2,2,2
Tecelagem de fios de algodao,2,0,0,0,0,2,0.0,0.0,0.0,2,2,2
Servicos de preparacao do terreno nao especificados anteriormente,2,0,0,0,0,2,0.0,0.0,0.0,2,2,2
"Britamento de pedras, exceto associado a extracao",2,0,0,0,0,2,0.0,0.0,0.0,2,2,2
Fabricacao de medicamentos fitoterapicos para uso humano,2,0,0,0,0,2,0.0,0.0,0.0,2,2,2
"Fabricacao de equipamentos hidraulicos e pneumaticos, pecas e acessorios, exceto valvulas",2,1,0,0,1,1,50.0,0.0,50.0,1,2,1
"Fabricacao de maquinas, equipamentos e aparelhos para transporte e elevacao de cargas, pecas e acessorios",2,0,0,0,0,2,0.0,0.0,0.0,2,2,2
"Fabricacao de maquinas e aparelhos de refrigeracao e ventilacao para uso industrial e comercial, pecas e acessorios",2,0,0,0,0,2,0.0,0.0,0.0,2,2,2
"Fabricacao de valvulas, registros e dispositivos semelhantes, pecas e acessorios",2,0,1,0,1,1,0.0,50.0,50.0,2,1,1
Fabricacao de artigos pirotecnicos,2,0,0,0,0,2,0.0,0.0,0.0,2,2,2
Fabricacao de produtos quimicos organicos nao especificados anteriormente,2,0,0,0,0,2,0.0,0.0,0.0,2,2,2
Fabricacao de defensivos agricolas,2,0,1,0,1,1,0.0,50.0,50.0,2,1,1
Fabricacao de produtos de papel para uso domestico e higienico sanitario nao especificados anteriormente,2,1,0,0,1,1,50.0,0.0,50.0,1,2,1
Fabricacao de produtos de trefilados de metal padronizados,2,1,0,0,1,1,50.0,0.0,50.0,1,2,1
Fabricacao de pneumaticos e de camaras de ar,2,1,0,0,1,1,50.0,0.0,50.0,1,2,1
"Fabricacao de partes para calcados, de qualquer material",2,0,0,0,0,2,0.0,0.0,0.0,2,2,2
Frigorifico - abate de suinos,2,0,0,0,0,2,0.0,0.0,0.0,2,2,2
Fundicao de metais nao ferrosos e suas ligas,2,1,0,0,1,1,50.0,0.0,50.0,1,2,1
"Fabricacao de outros produtos derivados do petroleo, exceto produtos do refino",2,0,0,0,0,2,0.0,0.0,0.0,2,2,2
Fabricacao de produtos do refino de petroleo,2,0,0,0,0,2,0.0,0.0,0.0,2,2,2
Fabricacao de produtos do arroz,2,0,0,0,0,2,0.0,0.0,0.0,2,2,2
Fabricacao de outros produtos quimicos inorganicos nao especificados anteriormente,2,0,0,0,0,2,0.0,0.0,0.0,2,2,2
Fabricacao de papel,2,0,0,0,0,2,0.0,0.0,0.0,2,2,2
Fabricacao de adubos e fertilizantes organominerais,2,0,0,0,0,2,0.0,0.0,0.0,2,2,2
Extracao de saibro e beneficiamento associado,2,0,0,0,0,2,0.0,0.0,0.0,2,2,2
Fabricacao de aditivos de uso industrial,2,1,0,0,1,1,50.0,0.0,50.0,1,2,1
Provedores de voz sobre protocolo internet - voip,2,0,0,0,0,2,0.0,0.0,0.0,2,2,2
Producao de tubos de aco com costura,2,0,0,0,0,2,0.0,0.0,0.0,2,2,2
Curtimento e outras preparacoes de couro,2,0,0,0,0,2,0.0,0.0,0.0,2,2,2
Fabricacao de tenis de qualquer material,1,0,0,0,0,1,0.0,0.0,0.0,1,1,1
Formulacao de combustiveis,1,0,0,0,0,1,0.0,0.0,0.0,1,1,1
Fabricacao de tecidos de malha,1,0,0,0,0,1,0.0,0.0,0.0,1,1,1
Fabricacao de outras aguardentes e bebidas destiladas,1,0,0,0,0,1,0.0,0.0,0.0,1,1,1
"Fabricacao de oleos vegetais refinados, exceto oleo de milho",1,0,0,0,0,1,0.0,0.0,0.0,1,1,1
Fabricacao de perifericos para equipamentos de informatica,1,0,0,0,0,1,0.0,0.0,0.0,1,1,1
Fabricacao de pecas e acessorios para o sistema de direcao e suspensao de veiculos automotores,1,1,0,0,1,0,100.0,0.0,100.0,0,1,0
"Fabricacao de outros aparelhos eletrodomesticos nao especificados anteriormente, pecas e acessorios",1,0,0,0,0,1,0.0,0.0,0.0,1,1,1
Fabricacao de outros equipamentos e aparelhos eletricos nao especificados anteriormente,1,0,0,0,0,1,0.0,0.0,0.0,1,1,1
Fabricacao de cha mate e outros chas prontos para consumo,1,0,0,0,0,1,0.0,0.0,0.0,1,1,1
Fabricacao de cigarros,1,0,0,0,0,1,0.0,0.0,0.0,1,1,1
Servicos de telecomunicacoes por fio nao especificados anteriormente,1,0,0,0,0,1,0.0,0.0,0.0,1,1,1
"Fabricacao de fios, cabos e condutores eletricos isolados",1,1,1,1,1,0,100.0,100.0,100.0,0,0,0
Fabricacao de guarda chuvas e similares,1,0,0,0,0,1,0.0,0.0,0.0,1,1,1
"Fabricacao de impermeabilizantes, solventes e produtos afins",1,0,0,0,0,1,0.0,0.0,0.0,1,1,1
"Fabricacao de maquinas ferramenta, pecas e acessorios",1,0,0,0,0,1,0.0,0.0,0.0,1,1,1
Fabricacao de material eletrico para instalacoes em circuito de consumo,1,0,0,0,0,1,0.0,0.0,0.0,1,1,1
"Fabricacao de maquinas e equipamentos para a industria do plastico, pecas e acessorios",1,1,1,1,1,0,100.0,100.0,100.0,0,0,0
"Fabricacao de maquinas e equipamentos para a agricultura e pecuaria, pecas e acessorios, exceto para irrigacao",1,0,0,0,0,1,0.0,0.0,0.0,1,1,1
"Fabricacao de maquinas e equipamentos para saneamento basico e ambiental, pecas e acessorios",1,0,0,0,0,1,0.0,0.0,0.0,1,1,1
"Fabricacao de maquinas, equipamentos e aparelhos para transporte e elevacao de pessoas, pecas e acessorios",1,0,0,0,0,1,0.0,0.0,0.0,1,1,1
Fabricacao de materiais para medicina e odontologia,1,0,0,0,0,1,0.0,0.0,0.0,1,1,1
"Fabricacao de equipamentos transmissores de comunicacao, pecas e acessorios",1,0,0,0,0,1,0.0,0.0,0.0,1,1,1
"Fabricacao de equipamentos para irrigacao agricola, pecas e acessorios",1,1,0,0,1,0,100.0,0.0,100.0,0,1,0
Fabricacao de equipamentos de transporte nao especificados anteriormente,1,1,0,0,1,0,100.0,0.0,100.0,0,1,0
"Fabricacao de mesas de bilhar, de sinuca e acessorios nao associada a locacao",1,0,0,0,0,1,0.0,0.0,0.0,1,1,1
Fabricacao de equipamentos para sinalizacao e alarme,1,0,0,0,0,1,0.0,0.0,0.0,1,1,1
"Fabricacao de mobiliario para uso medico, cirurgico, odontologico e de laboratorio",1,0,0,0,0,1,0.0,0.0,0.0,1,1,1
"Fabricacao de motores eletricos, pecas e acessorios",1,0,0,0,0,1,0.0,0.0,0.0,1,1,1
Fabricacao de filtros para cigarros,1,0,0,0,0,1,0.0,0.0,0.0,1,1,1
Fabricacao de fibras artificiais e sinteticas,1,0,0,0,0,1,0.0,0.0,0.0,1,1,1
Fabricacao de fraldas descartaveis,1,0,0,0,0,1,0.0,0.0,0.0,1,1,1
"Fabricacao de tecidos especiais, inclusive artefatos",1,0,0,0,0,1,0.0,0.0,0.0,1,1,1
"Fabricacao de compressores para uso nao industrial, pecas e acessorios",1,0,0,0,0,1,0.0,0.0,0.0,1,1,1
Fabricacao de cloro e alcalis,1,0,0,0,0,1,0.0,0.0,0.0,1,1,1
"Fabricacao de aparelhos de recepcao, reproducao, gravacao e amplificacao de audio e video",1,0,0,0,0,1,0.0,0.0,0.0,1,1,1
"Fabricacao de armas de fogo, outras armas e municoes",1,0,0,0,0,1,0.0,0.0,0.0,1,1,1
Fabricacao de azulejos e pisos,1,1,1,1,1,0,100.0,100.0,100.0,0,0,0
Lapidacao de gemas,1,0,0,0,0,1,0.0,0.0,0.0,1,1,1
Fabricacao de casas de madeira pre fabricadas,1,0,0,0,0,1,0.0,0.0,0.0,1,1,1
Fabricacao de bancos e estofados para veiculos automotores,1,0,0,0,0,1,0.0,0.0,0.0,1,1,1
Instalacao de equipamentos para orientacao a navegacao maritima fluvial e lacustre,1,0,0,0,0,1,0.0,0.0,0.0,1,1,1
Manutencao e reparacao de equipamentos e instrumentos opticos,1,0,0,0,0,1,0.0,0.0,0.0,1,1,1
"Manutencao e reparacao de baterias e acumuladores eletricos, exceto para veiculos",1,0,0,0,0,1,0.0,0.0,0.0,1,1,1
Manutencao e reparacao de embarcacoes e estruturas flutuantes,1,0,0,0,0,1,0.0,0.0,0.0,1,1,1
Fabricacao de adesivos e selantes,1,0,0,0,0,1,0.0,0.0,0.0,1,1,1
Extracao de sal gema,1,1,0,0,1,0,100.0,0.0,100.0,0,1,0
Manutencao e reparacao de veiculos ferroviarios,1,1,0,0,1,0,100.0,0.0,100.0,0,1,0
"Obras portuarias, maritimas e fluviais",1,0,0,0,0,1,0.0,0.0,0.0,1,1,1
Demolicao de edificios e outras estruturas,1,0,0,0,0,1,0.0,0.0,0.0,1,1,1
Rerrefino de oleos lubrificantes,1,0,0,0,0,1,0.0,0.0,0.0,1,1,1
Producao de laminados de aluminio,1,0,0,0,0,1,0.0,0.0,0.0,1,1,1
Extracao de ardosia e beneficiamento associado,1,0,0,0,0,1,0.0,0.0,0.0,1,1,1
"Construcao de embarcacoes para uso comercial e para usos especiais, exceto de grande porte",1,0,0,0,0,1,0.0,0.0,0.0,1,1,1
Construcao de barragens e represas para geracao de energia eletrica,1,0,0,0,0,1,0.0,0.0,0.0,1,1,1
Servico de tratamento de madeira realizado sob contrato,1,0,0,0,0,1,0.0,0.0,0.0,1,1,1
Serrarias sem desdobramento de madeira em bruto - resserragem,1,0,0,0,0,1,0.0,0.0,0.0,1,1,1
Transporte ferroviario de passageiros municipal e em regiao metropolitana,1,0,0,0,0,1,0.0,0.0,0.0,1,1,1
Transporte ferroviario de passageiros intermunicipal e interestadual,1,0,0,0,0,1,0.0,0.0,0.0,1,1,1
Abate de pequenos animais,1,0,0,0,0,1,0.0,0.0,0.0,1,1,1
Usinas de compostagem,1,0,0,0,0,1,0.0,0.0,0.0,1,1,1
