Municipio,Porte,MERCADO,QT_SESI,QT_SENAI,QT_SESI_SENAI,QT_SESI_OU_SENAI,SEM_RELACIONAMENTO,PENETRACAO_SESI_%,PENETRACAO_SENAI_%,PENETRACAO_COMBINADA_%,GAP_SESI,GAP_SENAI,GAP_COMBINADO
Anadia,DEMAIS,5,1,0,0,1,4,20.0,0.0,20.0,4,5,4
Anadia,MICRO EMPRESA,48,0,0,0,0,48,0.0,0.0,0.0,48,48,48
Anadia,PEQUENO PORTE,7,1,0,0,1,6,14.2857,0.0,14.2857,6,7,6
Arapiraca,DEMAIS,160,19,9,6,22,138,11.875,5.625,13.75,141,151,138
Arapiraca,MICRO EMPRESA,2945,46,15,8,53,2892,1.562,0.5093,1.7997,2899,2930,2892
Arapiraca,PEQUENO PORTE,257,28,8,6,30,227,10.8949,3.1128,11.6732,229,249,227
Atalaia,DEMAIS,14,0,1,0,1,13,0.0,7.1429,7.1429,14,13,13
Atalaia,MICRO EMPRESA,169,0,0,0,0,169,0.0,0.0,0.0,169,169,169
Atalaia,PEQUENO PORTE,27,1,0,0,1,26,3.7037,0.0,3.7037,26,27,26
Barra de Santo Antônio,DEMAIS,8,0,0,0,0,8,0.0,0.0,0.0,8,8,8
Barra de Santo Antônio,MICRO EMPRESA,97,2,0,0,2,95,2.0619,0.0,2.0619,95,97,95
Barra de Santo Antônio,PEQUENO PORTE,9,0,0,0,0,9,0.0,0.0,0.0,9,9,9
Barra de São Miguel,DEMAIS,28,0,1,0,1,27,0.0,3.5714,3.5714,28,27,27
Barra de São Miguel,MICRO EMPRESA,130,0,0,0,0,130,0.0,0.0,0.0,130,130,130
Barra de São Miguel,PEQUENO PORTE,27,2,0,0,2,25,7.4074,0.0,7.4074,25,27,25
Batalha,DEMAIS,10,0,1,0,1,9,0.0,10.0,10.0,10,9,9
Batalha,MICRO EMPRESA,78,1,0,0,1,77,1.2821,0.0,1.2821,77,78,77
Batalha,PEQUENO PORTE,10,1,0,0,1,9,10.0,0.0,10.0,9,10,9
Belo Monte,DEMAIS,5,1,0,0,1,4,20.0,0.0,20.0,4,5,4
Belo Monte,MICRO EMPRESA,5,0,0,0,0,5,0.0,0.0,0.0,5,5,5
Belo Monte,PEQUENO PORTE,1,0,0,0,0,1,0.0,0.0,0.0,1,1,1
Belém,DEMAIS,2,0,0,0,0,2,0.0,0.0,0.0,2,2,2
Belém,MICRO EMPRESA,12,0,0,0,0,12,0.0,0.0,0.0,12,12,12
Belém,PEQUENO PORTE,3,0,0,0,0,3,0.0,0.0,0.0,3,3,3
Boca da Mata,DEMAIS,10,1,0,0,1,9,10.0,0.0,10.0,9,10,9
Boca da Mata,MICRO EMPRESA,143,1,1,1,1,142,0.6993,0.6993,0.6993,142,142,142
Boca da Mata,PEQUENO PORTE,9,0,0,0,0,9,0.0,0.0,0.0,9,9,9
Branquinha,DEMAIS,3,0,0,0,0,3,0.0,0.0,0.0,3,3,3
Branquinha,MICRO EMPRESA,20,0,0,0,0,20,0.0,0.0,0.0,20,20,20
Cacimbinhas,DEMAIS,2,0,0,0,0,2,0.0,0.0,0.0,2,2,2
Cacimbinhas,MICRO EMPRESA,35,1,0,0,1,34,2.8571,0.0,2.8571,34,35,34
Cacimbinhas,PEQUENO PORTE,2,1,0,0,1,1,50.0,0.0,50.0,1,2,1
Cajueiro,DEMAIS,8,0,0,0,0,8,0.0,0.0,0.0,8,8,8
Cajueiro,MICRO EMPRESA,84,0,1,0,1,83,0.0,1.1905,1.1905,84,83,83
Cajueiro,PEQUENO PORTE,3,1,0,0,1,2,33.3333,0.0,33.3333,2,3,2
Campestre,DEMAIS,2,0,0,0,0,2,0.0,0.0,0.0,2,2,2
Campestre,MICRO EMPRESA,26,0,0,0,0,26,0.0,0.0,0.0,26,26,26
Campestre,PEQUENO PORTE,4,0,0,0,0,4,0.0,0.0,0.0,4,4,4
Campo Alegre,DEMAIS,11,1,0,0,1,10,9.0909,0.0,9.0909,10,11,10
Campo Alegre,MICRO EMPRESA,265,1,0,0,1,264,0.3774,0.0,0.3774,264,265,264
Campo Alegre,PEQUENO PORTE,11,0,1,0,1,10,0.0,9.0909,9.0909,11,10,10
Campo Grande,DEMAIS,1,0,0,0,0,1,0.0,0.0,0.0,1,1,1
Campo Grande,MICRO EMPRESA,27,0,0,0,0,27,0.0,0.0,0.0,27,27,27
Campo Grande,PEQUENO PORTE,3,0,0,0,0,3,0.0,0.0,0.0,3,3,3
Canapi,DEMAIS,3,0,0,0,0,3,0.0,0.0,0.0,3,3,3
Canapi,MICRO EMPRESA,16,0,0,0,0,16,0.0,0.0,0.0,16,16,16
Capela,DEMAIS,3,0,0,0,0,3,0.0,0.0,0.0,3,3,3
Capela,MICRO EMPRESA,83,1,0,0,1,82,1.2048,0.0,1.2048,82,83,82
Capela,PEQUENO PORTE,7,0,1,0,1,6,0.0,14.2857,14.2857,7,6,6
Carneiros,DEMAIS,2,0,0,0,0,2,0.0,0.0,0.0,2,2,2
Carneiros,MICRO EMPRESA,20,0,0,0,0,20,0.0,0.0,0.0,20,20,20
Carneiros,PEQUENO PORTE,1,0,0,0,0,1,0.0,0.0,0.0,1,1,1
Chã Preta,DEMAIS,2,0,0,0,0,2,0.0,0.0,0.0,2,2,2
Chã Preta,MICRO EMPRESA,23,0,0,0,0,23,0.0,0.0,0.0,23,23,23
Chã Preta,PEQUENO PORTE,2,0,1,0,1,1,0.0,50.0,50.0,2,1,1
Coité do Nóia,DEMAIS,5,0,0,0,0,5,0.0,0.0,0.0,5,5,5
Coité do Nóia,MICRO EMPRESA,32,1,0,0,1,31,3.125,0.0,3.125,31,32,31
Coité do Nóia,PEQUENO PORTE,8,0,0,0,0,8,0.0,0.0,0.0,8,8,8
Colônia Leopoldina,DEMAIS,7,0,0,0,0,7,0.0,0.0,0.0,7,7,7
Colônia Leopoldina,MICRO EMPRESA,72,0,0,0,0,72,0.0,0.0,0.0,72,72,72
Colônia Leopoldina,PEQUENO PORTE,12,0,0,0,0,12,0.0,0.0,0.0,12,12,12
Coqueiro Seco,DEMAIS,3,0,0,0,0,3,0.0,0.0,0.0,3,3,3
Coqueiro Seco,MICRO EMPRESA,44,0,0,0,0,44,0.0,0.0,0.0,44,44,44
Coqueiro Seco,PEQUENO PORTE,2,0,0,0,0,2,0.0,0.0,0.0,2,2,2
Coruripe,DEMAIS,27,0,0,0,0,27,0.0,0.0,0.0,27,27,27
Coruripe,MICRO EMPRESA,395,1,1,0,2,393,0.2532,0.2532,0.5063,394,394,393
Coruripe,PEQUENO PORTE,29,0,0,0,0,29,0.0,0.0,0.0,29,29,29
Craíbas,DEMAIS,15,3,2,1,4,11,20.0,13.3333,26.6667,12,13,11
Craíbas,MICRO EMPRESA,74,1,0,0,1,73,1.3514,0.0,1.3514,73,74,73
Craíbas,PEQUENO PORTE,14,0,0,0,0,14,0.0,0.0,0.0,14,14,14
Delmiro Gouveia,DEMAIS,25,1,1,0,2,23,4.0,4.0,8.0,24,24,23
Delmiro Gouveia,MICRO EMPRESA,368,3,2,2,3,365,0.8152,0.5435,0.8152,365,366,365
Delmiro Gouveia,PEQUENO PORTE,23,1,0,0,1,22,4.3478,0.0,4.3478,22,23,22
Dois Riachos,DEMAIS,2,0,0,0,0,2,0.0,0.0,0.0,2,2,2
Dois Riachos,MICRO EMPRESA,15,0,0,0,0,15,0.0,0.0,0.0,15,15,15
Dois Riachos,PEQUENO PORTE,1,0,0,0,0,1,0.0,0.0,0.0,1,1,1
Estrela de Alagoas,DEMAIS,1,0,0,0,0,1,0.0,0.0,0.0,1,1,1
Estrela de Alagoas,MICRO EMPRESA,23,0,0,0,0,23,0.0,0.0,0.0,23,23,23
Estrela de Alagoas,PEQUENO PORTE,1,0,0,0,0,1,0.0,0.0,0.0,1,1,1
Feira Grande,DEMAIS,7,0,0,0,0,7,0.0,0.0,0.0,7,7,7
Feira Grande,MICRO EMPRESA,53,0,1,0,1,52,0.0,1.8868,1.8868,53,52,52
Feira Grande,PEQUENO PORTE,12,0,0,0,0,12,0.0,0.0,0.0,12,12,12
Feliz Deserto,DEMAIS,3,1,0,0,1,2,33.3333,0.0,33.3333,2,3,2
Feliz Deserto,MICRO EMPRESA,19,0,0,0,0,19,0.0,0.0,0.0,19,19,19
Feliz Deserto,PEQUENO PORTE,5,0,0,0,0,5,0.0,0.0,0.0,5,5,5
Flexeiras,DEMAIS,4,0,0,0,0,4,0.0,0.0,0.0,4,4,4
Flexeiras,MICRO EMPRESA,54,0,0,0,0,54,0.0,0.0,0.0,54,54,54
Flexeiras,PEQUENO PORTE,2,0,0,0,0,2,0.0,0.0,0.0,2,2,2
Girau do Ponciano,DEMAIS,7,0,0,0,0,7,0.0,0.0,0.0,7,7,7
Girau do Ponciano,MICRO EMPRESA,110,1,1,0,2,108,0.9091,0.9091,1.8182,109,109,108
Girau do Ponciano,PEQUENO PORTE,18,1,0,0,1,17,5.5556,0.0,5.5556,17,18,17
Ibateguara,DEMAIS,2,0,0,0,0,2,0.0,0.0,0.0,2,2,2
Ibateguara,MICRO EMPRESA,56,0,0,0,0,56,0.0,0.0,0.0,56,56,56
Ibateguara,PEQUENO PORTE,1,0,0,0,0,1,0.0,0.0,0.0,1,1,1
Igaci,DEMAIS,2,0,0,0,0,2,0.0,0.0,0.0,2,2,2
Igaci,MICRO EMPRESA,44,0,1,0,1,43,0.0,2.2727,2.2727,44,43,43
Igaci,PEQUENO PORTE,7,1,0,0,1,6,14.2857,0.0,14.2857,6,7,6
Igreja Nova,DEMAIS,9,1,1,1,1,8,11.1111,11.1111,11.1111,8,8,8
Igreja Nova,MICRO EMPRESA,44,0,0,0,0,44,0.0,0.0,0.0,44,44,44
Igreja Nova,PEQUENO PORTE,3,0,0,0,0,3,0.0,0.0,0.0,3,3,3
Inhapi,DEMAIS,5,0,0,0,0,5,0.0,0.0,0.0,5,5,5
Inhapi,MICRO EMPRESA,29,0,0,0,0,29,0.0,0.0,0.0,29,29,29
Jacaré dos Homens,DEMAIS,5,0,0,0,0,5,0.0,0.0,0.0,5,5,5
Jacaré dos Homens,MICRO EMPRESA,11,0,0,0,0,11,0.0,0.0,0.0,11,11,11
Jacuípe,DEMAIS,3,0,0,0,0,3,0.0,0.0,0.0,3,3,3
Jacuípe,MICRO EMPRESA,26,0,0,0,0,26,0.0,0.0,0.0,26,26,26
Japaratinga,DEMAIS,8,0,0,0,0,8,0.0,0.0,0.0,8,8,8
Japaratinga,MICRO EMPRESA,46,0,0,0,0,46,0.0,0.0,0.0,46,46,46
Japaratinga,PEQUENO PORTE,3,0,0,0,0,3,0.0,0.0,0.0,3,3,3
Jaramataia,DEMAIS,3,1,0,0,1,2,33.3333,0.0,33.3333,2,3,2
Jaramataia,MICRO EMPRESA,9,0,0,0,0,9,0.0,0.0,0.0,9,9,9
Jaramataia,PEQUENO PORTE,2,0,0,0,0,2,0.0,0.0,0.0,2,2,2
Jequiá da Praia,DEMAIS,5,0,0,0,0,5,0.0,0.0,0.0,5,5,5
Jequiá da Praia,MICRO EMPRESA,52,0,0,0,0,52,0.0,0.0,0.0,52,52,52
Jequiá da Praia,PEQUENO PORTE,4,0,0,0,0,4,0.0,0.0,0.0,4,4,4
Joaquim Gomes,DEMAIS,4,0,0,0,0,4,0.0,0.0,0.0,4,4,4
Joaquim Gomes,MICRO EMPRESA,67,1,0,0,1,66,1.4925,0.0,1.4925,66,67,66
Joaquim Gomes,PEQUENO PORTE,6,0,0,0,0,6,0.0,0.0,0.0,6,6,6
Jundiá,DEMAIS,1,0,0,0,0,1,0.0,0.0,0.0,1,1,1
Jundiá,MICRO EMPRESA,15,0,0,0,0,15,0.0,0.0,0.0,15,15,15
Jundiá,PEQUENO PORTE,2,0,0,0,0,2,0.0,0.0,0.0,2,2,2
Junqueiro,DEMAIS,5,0,0,0,0,5,0.0,0.0,0.0,5,5,5
Junqueiro,MICRO EMPRESA,121,0,0,0,0,121,0.0,0.0,0.0,121,121,121
Junqueiro,PEQUENO PORTE,9,0,0,0,0,9,0.0,0.0,0.0,9,9,9
Lagoa da Canoa,DEMAIS,3,0,0,0,0,3,0.0,0.0,0.0,3,3,3
Lagoa da Canoa,MICRO EMPRESA,52,1,0,0,1,51,1.9231,0.0,1.9231,51,52,51
Lagoa da Canoa,PEQUENO PORTE,5,1,0,0,1,4,20.0,0.0,20.0,4,5,4
Limoeiro de Anadia,DEMAIS,5,1,0,0,1,4,20.0,0.0,20.0,4,5,4
Limoeiro de Anadia,MICRO EMPRESA,86,2,1,1,2,84,2.3256,1.1628,2.3256,84,85,84
Limoeiro de Anadia,PEQUENO PORTE,21,0,1,0,1,20,0.0,4.7619,4.7619,21,20,20
Maceió,DEMAIS,1462,107,107,34,180,1282,7.3187,7.3187,12.3119,1355,1355,1282
Maceió,MICRO EMPRESA,13572,139,41,21,159,13413,1.0242,0.3021,1.1715,13433,13531,13413
Maceió,PEQUENO PORTE,1181,99,46,23,122,1059,8.3827,3.895,10.3302,1082,1135,1059
Major Isidoro,DEMAIS,6,0,0,0,0,6,0.0,0.0,0.0,6,6,6
Major Isidoro,MICRO EMPRESA,54,4,0,0,4,50,7.4074,0.0,7.4074,50,54,50
Major Isidoro,PEQUENO PORTE,12,2,1,1,2,10,16.6667,8.3333,16.6667,10,11,10
Mar Vermelho,DEMAIS,2,0,0,0,0,2,0.0,0.0,0.0,2,2,2
Mar Vermelho,MICRO EMPRESA,12,0,0,0,0,12,0.0,0.0,0.0,12,12,12
Mar Vermelho,PEQUENO PORTE,1,0,0,0,0,1,0.0,0.0,0.0,1,1,1
Maragogi,DEMAIS,28,0,0,0,0,28,0.0,0.0,0.0,28,28,28
Maragogi,MICRO EMPRESA,248,3,4,2,5,243,1.2097,1.6129,2.0161,245,244,243
Maragogi,PEQUENO PORTE,10,0,0,0,0,10,0.0,0.0,0.0,10,10,10
Maravilha,DEMAIS,3,0,0,0,0,3,0.0,0.0,0.0,3,3,3
Maravilha,MICRO EMPRESA,13,0,0,0,0,13,0.0,0.0,0.0,13,13,13
Marechal Deodoro,DEMAIS,112,14,17,9,22,90,12.5,15.1786,19.6429,98,95,90
Marechal Deodoro,MICRO EMPRESA,670,2,1,0,3,667,0.2985,0.1493,0.4478,668,669,667
Marechal Deodoro,PEQUENO PORTE,80,5,1,1,5,75,6.25,1.25,6.25,75,79,75
Maribondo,DEMAIS,4,0,0,0,0,4,0.0,0.0,0.0,4,4,4
Maribondo,MICRO EMPRESA,85,1,0,0,1,84,1.1765,0.0,1.1765,84,85,84
Maribondo,PEQUENO PORTE,8,0,0,0,0,8,0.0,0.0,0.0,8,8,8
Mata Grande,DEMAIS,1,0,0,0,0,1,0.0,0.0,0.0,1,1,1
Mata Grande,MICRO EMPRESA,28,0,0,0,0,28,0.0,0.0,0.0,28,28,28
Mata Grande,PEQUENO PORTE,1,0,0,0,0,1,0.0,0.0,0.0,1,1,1
Matriz de Camaragibe,DEMAIS,7,1,1,0,2,5,14.2857,14.2857,28.5714,6,6,5
Matriz de Camaragibe,MICRO EMPRESA,124,3,2,2,3,121,2.4194,1.6129,2.4194,121,122,121
Matriz de Camaragibe,PEQUENO PORTE,9,0,0,0,0,9,0.0,0.0,0.0,9,9,9
Messias,DEMAIS,19,0,0,0,0,19,0.0,0.0,0.0,19,19,19
Messias,MICRO EMPRESA,93,0,0,0,0,93,0.0,0.0,0.0,93,93,93
Messias,PEQUENO PORTE,17,0,1,0,1,16,0.0,5.8824,5.8824,17,16,16
Minador do Negrão,MICRO EMPRESA,12,0,0,0,0,12,0.0,0.0,0.0,12,12,12
Minador do Negrão,PEQUENO PORTE,1,0,0,0,0,1,0.0,0.0,0.0,1,1,1
Monteirópolis,DEMAIS,3,0,0,0,0,3,0.0,0.0,0.0,3,3,3
Monteirópolis,MICRO EMPRESA,17,1,1,1,1,16,5.8824,5.8824,5.8824,16,16,16
Monteirópolis,PEQUENO PORTE,1,0,0,0,0,1,0.0,0.0,0.0,1,1,1
Murici,DEMAIS,20,1,1,0,2,18,5.0,5.0,10.0,19,19,18
Murici,MICRO EMPRESA,138,5,1,1,5,133,3.6232,0.7246,3.6232,133,137,133
Murici,PEQUENO PORTE,17,1,0,0,1,16,5.8824,0.0,5.8824,16,17,16
Novo Lino,DEMAIS,1,0,0,0,0,1,0.0,0.0,0.0,1,1,1
Novo Lino,MICRO EMPRESA,36,0,0,0,0,36,0.0,0.0,0.0,36,36,36
Novo Lino,PEQUENO PORTE,7,0,0,0,0,7,0.0,0.0,0.0,7,7,7
Olho d'Água Grande,DEMAIS,1,0,0,0,0,1,0.0,0.0,0.0,1,1,1
Olho d'Água Grande,MICRO EMPRESA,2,0,0,0,0,2,0.0,0.0,0.0,2,2,2
Olho d'Água das Flores,DEMAIS,8,0,0,0,0,8,0.0,0.0,0.0,8,8,8
Olho d'Água das Flores,MICRO EMPRESA,137,0,0,0,0,137,0.0,0.0,0.0,137,137,137
Olho d'Água das Flores,PEQUENO PORTE,12,1,0,0,1,11,8.3333,0.0,8.3333,11,12,11
Olho d'Água do Casado,DEMAIS,1,0,0,0,0,1,0.0,0.0,0.0,1,1,1
Olho d'Água do Casado,MICRO EMPRESA,18,0,0,0,0,18,0.0,0.0,0.0,18,18,18
Olivença,DEMAIS,1,0,0,0,0,1,0.0,0.0,0.0,1,1,1
Olivença,MICRO EMPRESA,24,1,1,1,1,23,4.1667,4.1667,4.1667,23,23,23
Olivença,PEQUENO PORTE,2,0,0,0,0,2,0.0,0.0,0.0,2,2,2
Ouro Branco,DEMAIS,3,0,0,0,0,3,0.0,0.0,0.0,3,3,3
Ouro Branco,MICRO EMPRESA,47,0,0,0,0,47,0.0,0.0,0.0,47,47,47
Palestina,DEMAIS,1,0,0,0,0,1,0.0,0.0,0.0,1,1,1
Palestina,MICRO EMPRESA,15,0,0,0,0,15,0.0,0.0,0.0,15,15,15
Palmeira dos Índios,DEMAIS,18,2,0,0,2,16,11.1111,0.0,11.1111,16,18,16
Palmeira dos Índios,MICRO EMPRESA,425,9,0,0,9,416,2.1176,0.0,2.1176,416,425,416
Palmeira dos Índios,PEQUENO PORTE,19,1,0,0,1,18,5.2632,0.0,5.2632,18,19,18
Pariconha,DEMAIS,1,0,0,0,0,1,0.0,0.0,0.0,1,1,1
Pariconha,MICRO EMPRESA,23,0,0,0,0,23,0.0,0.0,0.0,23,23,23
Paripueira,DEMAIS,6,0,0,0,0,6,0.0,0.0,0.0,6,6,6
Paripueira,MICRO EMPRESA,155,2,0,0,2,153,1.2903,0.0,1.2903,153,155,153
Paripueira,PEQUENO PORTE,22,0,1,0,1,21,0.0,4.5455,4.5455,22,21,21
Passo de Camaragibe,DEMAIS,9,0,0,0,0,9,0.0,0.0,0.0,9,9,9
Passo de Camaragibe,MICRO EMPRESA,102,0,0,0,0,102,0.0,0.0,0.0,102,102,102
Passo de Camaragibe,PEQUENO PORTE,13,1,0,0,1,12,7.6923,0.0,7.6923,12,13,12
Paulo Jacinto,DEMAIS,3,0,0,0,0,3,0.0,0.0,0.0,3,3,3
Paulo Jacinto,MICRO EMPRESA,20,0,0,0,0,20,0.0,0.0,0.0,20,20,20
Paulo Jacinto,PEQUENO PORTE,1,0,0,0,0,1,0.0,0.0,0.0,1,1,1
Penedo,DEMAIS,17,2,1,1,2,15,11.7647,5.8824,11.7647,15,16,15
Penedo,MICRO EMPRESA,875,1,1,0,2,873,0.1143,0.1143,0.2286,874,874,873
Penedo,PEQUENO PORTE,21,1,0,0,1,20,4.7619,0.0,4.7619,20,21,20
Piaçabuçu,DEMAIS,12,0,0,0,0,12,0.0,0.0,0.0,12,12,12
Piaçabuçu,MICRO EMPRESA,38,0,0,0,0,38,0.0,0.0,0.0,38,38,38
Piaçabuçu,PEQUENO PORTE,5,2,1,1,2,3,40.0,20.0,40.0,3,4,3
Pilar,DEMAIS,56,3,3,0,6,50,5.3571,5.3571,10.7143,53,53,50
Pilar,MICRO EMPRESA,343,2,1,0,3,340,0.5831,0.2915,0.8746,341,342,340
Pilar,PEQUENO PORTE,43,2,1,1,2,41,4.6512,2.3256,4.6512,41,42,41
Pindoba,DEMAIS,2,0,0,0,0,2,0.0,0.0,0.0,2,2,2
Pindoba,MICRO EMPRESA,4,0,0,0,0,4,0.0,0.0,0.0,4,4,4
Piranhas,DEMAIS,11,0,0,0,0,11,0.0,0.0,0.0,11,11,11
Piranhas,MICRO EMPRESA,118,0,0,0,0,118,0.0,0.0,0.0,118,118,118
Piranhas,PEQUENO PORTE,6,0,0,0,0,6,0.0,0.0,0.0,6,6,6
Porto Calvo,DEMAIS,12,1,0,0,1,11,8.3333,0.0,8.3333,11,12,11
Porto Calvo,MICRO EMPRESA,165,2,0,0,2,163,1.2121,0.0,1.2121,163,165,163
Porto Calvo,PEQUENO PORTE,8,0,0,0,0,8,0.0,0.0,0.0,8,8,8
Porto Real do Colégio,DEMAIS,4,0,0,0,0,4,0.0,0.0,0.0,4,4,4
Porto Real do Colégio,MICRO EMPRESA,43,0,0,0,0,43,0.0,0.0,0.0,43,43,43
Porto Real do Colégio,PEQUENO PORTE,5,0,0,0,0,5,0.0,0.0,0.0,5,5,5
Porto de Pedras,DEMAIS,27,1,0,0,1,26,3.7037,0.0,3.7037,26,27,26
Porto de Pedras,MICRO EMPRESA,102,0,0,0,0,102,0.0,0.0,0.0,102,102,102
Porto de Pedras,PEQUENO PORTE,17,0,0,0,0,17,0.0,0.0,0.0,17,17,17
Poço das Trincheiras,DEMAIS,1,0,0,0,0,1,0.0,0.0,0.0,1,1,1
Poço das Trincheiras,MICRO EMPRESA,20,0,0,0,0,20,0.0,0.0,0.0,20,20,20
Pão de Açúcar,DEMAIS,6,0,0,0,0,6,0.0,0.0,0.0,6,6,6
Pão de Açúcar,MICRO EMPRESA,99,1,1,1,1,98,1.0101,1.0101,1.0101,98,98,98
Quebrangulo,DEMAIS,4,0,0,0,0,4,0.0,0.0,0.0,4,4,4
Quebrangulo,MICRO EMPRESA,72,2,0,0,2,70,2.7778,0.0,2.7778,70,72,70
Quebrangulo,PEQUENO PORTE,1,0,0,0,0,1,0.0,0.0,0.0,1,1,1
Rio Largo,DEMAIS,49,5,4,2,7,42,10.2041,8.1633,14.2857,44,45,42
Rio Largo,MICRO EMPRESA,917,7,3,2,8,909,0.7634,0.3272,0.8724,910,914,909
Rio Largo,PEQUENO PORTE,64,5,3,2,6,58,7.8125,4.6875,9.375,59,61,58
Roteiro,DEMAIS,1,0,0,0,0,1,0.0,0.0,0.0,1,1,1
Roteiro,MICRO EMPRESA,17,0,0,0,0,17,0.0,0.0,0.0,17,17,17
Santa Luzia do Norte,DEMAIS,9,0,0,0,0,9,0.0,0.0,0.0,9,9,9
Santa Luzia do Norte,MICRO EMPRESA,55,0,0,0,0,55,0.0,0.0,0.0,55,55,55
Santa Luzia do Norte,PEQUENO PORTE,8,1,0,0,1,7,12.5,0.0,12.5,7,8,7
Santana do Ipanema,DEMAIS,9,0,2,0,2,7,0.0,22.2222,22.2222,9,7,7
Santana do Ipanema,MICRO EMPRESA,268,5,2,1,6,262,1.8657,0.7463,2.2388,263,266,262
Santana do Ipanema,PEQUENO PORTE,16,1,1,0,2,14,6.25,6.25,12.5,15,15,14
Santana do Mundaú,DEMAIS,3,0,0,0,0,3,0.0,0.0,0.0,3,3,3
Santana do Mundaú,MICRO EMPRESA,32,0,0,0,0,32,0.0,0.0,0.0,32,32,32
Santana do Mundaú,PEQUENO PORTE,2,0,0,0,0,2,0.0,0.0,0.0,2,2,2
Satuba,DEMAIS,7,0,0,0,0,7,0.0,0.0,0.0,7,7,7
Satuba,MICRO EMPRESA,292,0,0,0,0,292,0.0,0.0,0.0,292,292,292
Satuba,PEQUENO PORTE,19,1,0,0,1,18,5.2632,0.0,5.2632,18,19,18
Senador Rui Palmeira,DEMAIS,1,0,0,0,0,1,0.0,0.0,0.0,1,1,1
Senador Rui Palmeira,MICRO EMPRESA,24,0,0,0,0,24,0.0,0.0,0.0,24,24,24
Senador Rui Palmeira,PEQUENO PORTE,1,0,0,0,0,1,0.0,0.0,0.0,1,1,1
São Brás,DEMAIS,2,0,0,0,0,2,0.0,0.0,0.0,2,2,2
São Brás,MICRO EMPRESA,17,0,0,0,0,17,0.0,0.0,0.0,17,17,17
São Brás,PEQUENO PORTE,2,0,0,0,0,2,0.0,0.0,0.0,2,2,2
São José da Laje,DEMAIS,5,0,0,0,0,5,0.0,0.0,0.0,5,5,5
São José da Laje,MICRO EMPRESA,192,0,0,0,0,192,0.0,0.0,0.0,192,192,192
São José da Laje,PEQUENO PORTE,11,0,0,0,0,11,0.0,0.0,0.0,11,11,11
São José da Tapera,DEMAIS,9,0,1,0,1,8,0.0,11.1111,11.1111,9,8,8
São José da Tapera,MICRO EMPRESA,104,1,0,0,1,103,0.9615,0.0,0.9615,103,104,103
São José da Tapera,PEQUENO PORTE,7,0,1,0,1,6,0.0,14.2857,14.2857,7,6,6
São Luís do Quitunde,DEMAIS,9,1,1,1,1,8,11.1111,11.1111,11.1111,8,8,8
São Luís do Quitunde,MICRO EMPRESA,140,0,0,0,0,140,0.0,0.0,0.0,140,140,140
São Luís do Quitunde,PEQUENO PORTE,5,0,0,0,0,5,0.0,0.0,0.0,5,5,5
São Miguel dos Campos,DEMAIS,26,3,1,1,3,23,11.5385,3.8462,11.5385,23,25,23
São Miguel dos Campos,MICRO EMPRESA,467,9,4,3,10,457,1.9272,0.8565,2.1413,458,463,457
São Miguel dos Campos,PEQUENO PORTE,32,3,2,0,5,27,9.375,6.25,15.625,29,30,27
São Miguel dos Milagres,DEMAIS,19,0,0,0,0,19,0.0,0.0,0.0,19,19,19
São Miguel dos Milagres,MICRO EMPRESA,111,0,0,0,0,111,0.0,0.0,0.0,111,111,111
São Miguel dos Milagres,PEQUENO PORTE,9,0,0,0,0,9,0.0,0.0,0.0,9,9,9
São Sebastião,DEMAIS,5,0,0,0,0,5,0.0,0.0,0.0,5,5,5
São Sebastião,MICRO EMPRESA,135,0,0,0,0,135,0.0,0.0,0.0,135,135,135
São Sebastião,PEQUENO PORTE,12,0,0,0,0,12,0.0,0.0,0.0,12,12,12
Tanque d'Arca,DEMAIS,1,0,0,0,0,1,0.0,0.0,0.0,1,1,1
Tanque d'Arca,MICRO EMPRESA,19,0,0,0,0,19,0.0,0.0,0.0,19,19,19
Tanque d'Arca,PEQUENO PORTE,1,0,0,0,0,1,0.0,0.0,0.0,1,1,1
Taquarana,DEMAIS,6,0,0,0,0,6,0.0,0.0,0.0,6,6,6
Taquarana,MICRO EMPRESA,86,1,0,0,1,85,1.1628,0.0,1.1628,85,86,85
Taquarana,PEQUENO PORTE,16,1,0,0,1,15,6.25,0.0,6.25,15,16,15
Teotônio Vilela,DEMAIS,19,2,1,1,2,17,10.5263,5.2632,10.5263,17,18,17
Teotônio Vilela,MICRO EMPRESA,259,2,1,1,2,257,0.7722,0.3861,0.7722,257,258,257
Teotônio Vilela,PEQUENO PORTE,26,0,0,0,0,26,0.0,0.0,0.0,26,26,26
Traipu,DEMAIS,2,0,0,0,0,2,0.0,0.0,0.0,2,2,2
Traipu,MICRO EMPRESA,26,0,0,0,0,26,0.0,0.0,0.0,26,26,26
Traipu,PEQUENO PORTE,3,0,0,0,0,3,0.0,0.0,0.0,3,3,3
União dos Palmares,DEMAIS,23,1,1,1,1,22,4.3478,4.3478,4.3478,22,22,22
União dos Palmares,MICRO EMPRESA,532,0,0,0,0,532,0.0,0.0,0.0,532,532,532
União dos Palmares,PEQUENO PORTE,20,0,0,0,0,20,0.0,0.0,0.0,20,20,20
Viçosa,DEMAIS,5,0,0,0,0,5,0.0,0.0,0.0,5,5,5
Viçosa,MICRO EMPRESA,203,0,1,0,1,202,0.0,0.4926,0.4926,203,202,202
Viçosa,PEQUENO PORTE,7,0,0,0,0,7,0.0,0.0,0.0,7,7,7
Água Branca,DEMAIS,4,0,0,0,0,4,0.0,0.0,0.0,4,4,4
Água Branca,MICRO EMPRESA,53,1,0,0,1,52,1.8868,0.0,1.8868,52,53,52
