CNPJ_NORMALIZADO,razao_social,Municipio,Porte,CNAE PRIMARIO,TEM_SESI,TEM_SENAI,STATUS_COMERCIAL,OPORTUNIDADE_CROSS_SELL
24515392000190,A R LOPES QUINTINO LTDA,Arapiraca,DEMAIS,Construcao de edificios,0,1,SOMENTE SENAI,SENAI → SESI
21652038000119,AZEVEDO SOARES IND. E COM. DE ARGAMASSA LTDA,Arapiraca,DEMAIS,Preparacao de massa de concreto e argamassa para construcao,0,1,SOMENTE SENAI,SENAI → SESI
43354807000135,IMAGINE CRIATIVE LTDA,Arapiraca,MICRO EMPRESA,Impressao de material para uso publicitario,0,1,SOMENTE SENAI,SENAI → SESI
26479090000139,INDUSTRIA DE ALIMENTOS COMPOSTELA LTDA,Arapiraca,DEMAIS,Fabricacao de conservas de frutas,0,1,SOMENTE SENAI,SENAI → SESI
874154000102,M A FERREIRA VEIGA,Arapiraca,MICRO EMPRESA,Fabricacao de produtos de padaria e confeitaria com predominancia de producao propria,0,1,SOMENTE SENAI,SENAI → SESI
50058390000129,MAGIC BERRY INDUSTRIA DE GELADOS COMESTIVEIS LTDA,Arapiraca,MICRO EMPRESA,Fabricacao de sorvetes e outros gelados comestiveis,0,1,SOMENTE SENAI,SENAI → SESI
51605820000148,PANFACILE ALIMENTOS LTDA,Arapiraca,MICRO EMPRESA,Fabricacao de produtos de panificacao industrial,0,1,SOMENTE SENAI,SENAI → SESI
13059313000167,RM INDUSTRIA E COMERCIO LTDA,Arapiraca,PEQUENO PORTE,"Fabricacao de estruturas pre moldadas de concreto armado, em serie e sob encomenda",0,1,SOMENTE SENAI,SENAI → SESI
10702260000162,ROTAN PRE MOLDADOS E CONSTRUCOES LTDA,Arapiraca,MICRO EMPRESA,"Obras de urbanizacao - ruas, pracas e calcadas",0,1,SOMENTE SENAI,SENAI → SESI
23399809000133,S. A. DE SOUZA DIRECOES HIDRAULICAS,Arapiraca,MICRO EMPRESA,"Manutencao e reparacao de equipamentos hidraulicos e pneumaticos, exceto valvulas",0,1,SOMENTE SENAI,SENAI → SESI
31749329000426,SALES E BARBOSA LTDA,Arapiraca,PEQUENO PORTE,Fabricacao de moveis com predominancia de madeira,0,1,SOMENTE SENAI,SENAI → SESI
290431000130,SERVICOS E PECAS DIESEL ARAPIRACA LTDA,Arapiraca,MICRO EMPRESA,Servicos de manutencao e reparacao mecanica de veiculos automotores,0,1,SOMENTE SENAI,SENAI → SESI
16682715000101,ATALAIA MINERACAO INDUSTRIA E COMERCIO LTDA,Atalaia,DEMAIS,Extracao e britamento de pedras e outros materiais para construcao e beneficiamento associado,0,1,SOMENTE SENAI,SENAI → SESI
4522379000665,QUALICOCO LTDA,Barra de São Miguel,DEMAIS,Fabricacao de conservas de frutas,0,1,SOMENTE SENAI,SENAI → SESI
41948207000170,INDUSTRIA DE LATICINIOS QUEIROZ LTDA,Batalha,DEMAIS,Fabricacao de laticinios,0,1,SOMENTE SENAI,SENAI → SESI
64078567000163,CAROL PASTEIS LTDA,Cajueiro,MICRO EMPRESA,Fabricacao de alimentos e pratos prontos,0,1,SOMENTE SENAI,SENAI → SESI
37288984000168,LAVENERE INDUSTRIA E COMERCIO DE PRE-MOLDADOS LTDA,Campo Alegre,PEQUENO PORTE,Fabricacao de artefatos de cimento para uso na construcao,0,1,SOMENTE SENAI,SENAI → SESI
7111432000380,CERAMICA CAPELLI LTDA,Capela,PEQUENO PORTE,"Fabricacao de artefatos de ceramica e barro cozido para uso na construcao, exceto azulejos e pisos",0,1,SOMENTE SENAI,SENAI → SESI
5515590000109,AGROPECUARIA NOVO HORIZONTE LTDA,Chã Preta,PEQUENO PORTE,Fabricacao de laticinios,0,1,SOMENTE SENAI,SENAI → SESI
32725022000105,T.G.LOPES EMPREENDIMENTO LTDA,Coruripe,MICRO EMPRESA,Construcao de edificios,0,1,SOMENTE SENAI,SENAI → SESI
20997850000113,INCOFORTE - INDUSTRIA E COMERCIO DE FUMOS EXTRA FORTE LTDA,Craíbas,DEMAIS,Processamento industrial do fumo,0,1,SOMENTE SENAI,SENAI → SESI
2949016002467,CONTROL CONSTRUCOES S.A,Delmiro Gouveia,DEMAIS,Instalacao e manutencao eletrica,0,1,SOMENTE SENAI,SENAI → SESI
40843185000110,L H P GOES CONSTRUTORA LTDA,Feira Grande,MICRO EMPRESA,Construcao de edificios,0,1,SOMENTE SENAI,SENAI → SESI
26600027000109,L CARLOS GOMES LTDA,Girau do Ponciano,MICRO EMPRESA,Servicos de manutencao e reparacao mecanica de veiculos automotores,0,1,SOMENTE SENAI,SENAI → SESI
35682994000158,K. G. DE OLIVEIRA SOUZA,Igaci,MICRO EMPRESA,Servicos de manutencao e reparacao mecanica de veiculos automotores,0,1,SOMENTE SENAI,SENAI → SESI
4287896000192,RELEVO PRE-MOLDADOS E CONSTRUCOES LTDA,Limoeiro de Anadia,PEQUENO PORTE,"Fabricacao de outros artefatos e produtos de concreto, cimento, fibrocimento, gesso e materiais semelhantes",0,1,SOMENTE SENAI,SENAI → SESI
46506441000160,46.506.441 ELLYSON DAWID TENORIO DE MELO,Maceió,MICRO EMPRESA,Instalacao e manutencao eletrica,0,1,SOMENTE SENAI,SENAI → SESI
14519421000138,A C TAVARES,Maceió,MICRO EMPRESA,Fabricacao de chapas e de embalagens de papelao ondulado,0,1,SOMENTE SENAI,SENAI → SESI
33718671000141,A PADARIA COMERCIO DE ALIMENTOS E BUFFET LTDA,Maceió,MICRO EMPRESA,Fabricacao de produtos de padaria e confeitaria com predominancia de producao propria,0,1,SOMENTE SENAI,SENAI → SESI
35631449000132,A QUATRO ARQUITETURA E CONSTRUCOES LTDA,Maceió,PEQUENO PORTE,Construcao de edificios,0,1,SOMENTE SENAI,SENAI → SESI
26058879000116,AB INDUSTRIA METALURGICA E COMERCIO LTDA,Maceió,DEMAIS,Fabricacao de esquadrias de metal,0,1,SOMENTE SENAI,SENAI → SESI
19199106000194,ABRASIVA - ESPECIALIZADA EM TRATAMENTO ANTI-CORROSIVO LTDA,Maceió,MICRO EMPRESA,Servicos de tratamento e revestimento em metais,0,1,SOMENTE SENAI,SENAI → SESI
5913401000156,ACENDER ENGENHARIA LTDA EM RECUPERACAO JUDICIAL,Maceió,DEMAIS,Instalacao e manutencao eletrica,0,1,SOMENTE SENAI,SENAI → SESI
36069750000167,ALATECH MED LTDA,Maceió,PEQUENO PORTE,Manutencao e reparacao de aparelhos eletromedicos e eletroterapeuticos e equipamentos de irradiacao,0,1,SOMENTE SENAI,SENAI → SESI
24250342000128,APLIMAC APLICADORA MACEIO LTDA,Maceió,PEQUENO PORTE,Servicos de pintura de edificios em geral,0,1,SOMENTE SENAI,SENAI → SESI
42620878000170,AQUACAPRI EMPREENDIMENTO IMOBILIARIO SPE LTDA,Maceió,DEMAIS,Construcao de edificios,0,1,SOMENTE SENAI,SENAI → SESI
2423864000141,"ARQUITEC - ARQUITETURA, ENGENHARIA E CONSTRUCAO LTDA",Maceió,DEMAIS,Construcao de edificios,0,1,SOMENTE SENAI,SENAI → SESI
40719251000145,ARTE & CONCEITO ESQUADRIAS DE ALUMINIO LTDA,Maceió,MICRO EMPRESA,Fabricacao de esquadrias de metal,0,1,SOMENTE SENAI,SENAI → SESI
12014510000105,BIOTECH CONTROLE BIOLOGICO LTDA,Maceió,PEQUENO PORTE,Fabricacao de defensivos agricolas,0,1,SOMENTE SENAI,SENAI → SESI
4601397010271,BRISANET SERVICOS DE TELECOMUNICACOES S.A.,Maceió,DEMAIS,Servicos de comunicacao multimidia - scm,0,1,SOMENTE SENAI,SENAI → SESI
58406719000107,BSM CCMP AURUS EMPREENDIMENTO IMOBILIARIO SPE LTDA,Maceió,DEMAIS,Incorporacao de empreendimentos imobiliarios,0,1,SOMENTE SENAI,SENAI → SESI
51298283000130,C L DA APARECIDA,Maceió,MICRO EMPRESA,Instalacao de maquinas e equipamentos industriais,0,1,SOMENTE SENAI,SENAI → SESI
8789800000145,CAD SOLUCOES EM ENGENHARIA LTDA,Maceió,PEQUENO PORTE,Instalacao e manutencao eletrica,0,1,SOMENTE SENAI,SENAI → SESI
4667933000198,CAMPOS ENGENHARIA LTDA,Maceió,DEMAIS,Obras de terraplenagem,0,1,SOMENTE SENAI,SENAI → SESI
57991098000103,CAVALCANTE & ROLIM DESIGN SPE LTDA,Maceió,DEMAIS,Construcao de edificios,0,1,SOMENTE SENAI,SENAI → SESI
24467896000181,CCB ENGENHARIA LTDA,Maceió,PEQUENO PORTE,"Construcao de redes de abastecimento de agua, coleta de esgoto e construcoes correlatas, exceto obras de irrigacao",0,1,SOMENTE SENAI,SENAI → SESI
43796146000106,CITECON MATCH SPE LTDA,Maceió,DEMAIS,Incorporacao de empreendimentos imobiliarios,0,1,SOMENTE SENAI,SENAI → SESI
48209133000107,CITECON OCEANA EMPREENDIMENTO SPE LTDA,Maceió,DEMAIS,Incorporacao de empreendimentos imobiliarios,0,1,SOMENTE SENAI,SENAI → SESI
13711720000379,CLODAX RECICLAGEM LTDA,Maceió,DEMAIS,Recuperacao de materiais plasticos,0,1,SOMENTE SENAI,SENAI → SESI
11483295000110,CODACO CONFECCAO E DOBRA DE FERRO E ACO LTDA,Maceió,DEMAIS,Fabricacao de outros produtos de metal nao especificados anteriormente,0,1,SOMENTE SENAI,SENAI → SESI
57809328000170,CONSORCIO ALAGOAS BR-424-AL LOTE 2,Maceió,DEMAIS,Construcao de rodovias e ferrovias,0,1,SOMENTE SENAI,SENAI → SESI
42873193000135,CONSORCIO ARAPIRACA-DELMIRO GOUVEIA LOTE 2,Maceió,DEMAIS,Construcao de rodovias e ferrovias,0,1,SOMENTE SENAI,SENAI → SESI
45359410000161,CONSORCIO BATALHA-OLIVENCA FP-CLC,Maceió,DEMAIS,Construcao de rodovias e ferrovias,0,1,SOMENTE SENAI,SENAI → SESI
56443624000138,CONSORCIO BR-030-BA,Maceió,DEMAIS,Construcao de rodovias e ferrovias,0,1,SOMENTE SENAI,SENAI → SESI
42908486000100,CONSORCIO CLC/CONSERVA/F.P.,Maceió,DEMAIS,Construcao de rodovias e ferrovias,0,1,SOMENTE SENAI,SENAI → SESI
25245517000171,CONSORCIO CONSTRUTOR ALTA MACEIO,Maceió,DEMAIS,"Construcao de redes de abastecimento de agua, coleta de esgoto e construcoes correlatas, exceto obras de irrigacao",0,1,SOMENTE SENAI,SENAI → SESI
55699378000117,CONSORCIO CRECHES SEDUC/AL 2024.,Maceió,DEMAIS,Construcao de edificios,0,1,SOMENTE SENAI,SENAI → SESI
44426384000184,CONSORCIO DUPLICACAO AL-220 LOTE 03 FP-CLC-CONSERVA,Maceió,DEMAIS,Construcao de rodovias e ferrovias,0,1,SOMENTE SENAI,SENAI → SESI
56173759000120,CONSORCIO EDUCACAO ALAGOAS,Maceió,DEMAIS,Administracao de obras,0,1,SOMENTE SENAI,SENAI → SESI
52693780000104,CONSORCIO INFRAESTRUTURA LITORAL NORTE MACEIO.,Maceió,DEMAIS,"Obras de urbanizacao - ruas, pracas e calcadas",0,1,SOMENTE SENAI,SENAI → SESI
49946261000198,CONSORCIO PAVIMENTACAO E DRENAGEM RUAS DE MACEIO,Maceió,DEMAIS,"Obras de urbanizacao - ruas, pracas e calcadas",0,1,SOMENTE SENAI,SENAI → SESI
48082971000154,CONSORCIO VALE DO PARAIBA LOTE 02 - FP-CLC-CONSERVA,Maceió,DEMAIS,Construcao de rodovias e ferrovias,0,1,SOMENTE SENAI,SENAI → SESI
12945994000106,CONSTRUART LTDA,Maceió,DEMAIS,Construcao de edificios,0,1,SOMENTE SENAI,SENAI → SESI
12286944000156,CONSTRUTORA HUMBERTO LOBO LTDA EM RECUPERACAO JUDICIAL,Maceió,DEMAIS,Construcao de edificios,0,1,SOMENTE SENAI,SENAI → SESI
12481800000150,CONSTRUTORA LINS IRMAOS LTDA,Maceió,DEMAIS,Construcao de edificios,0,1,SOMENTE SENAI,SENAI → SESI
4590305000151,CONSTRUTORA MOGNO LTDA,Maceió,PEQUENO PORTE,Construcao de edificios,0,1,SOMENTE SENAI,SENAI → SESI
12407474000131,CONSTRUTORA PENEDO LTDA,Maceió,DEMAIS,Construcao de edificios,0,1,SOMENTE SENAI,SENAI → SESI
6943858000176,CONTEMPORANEA ARQUITETURA E CONSTRUCOES LTDA,Maceió,DEMAIS,Construcao de edificios,0,1,SOMENTE SENAI,SENAI → SESI
54531605000138,CONTEMPORANEA PARQUE SHOPPING EMPREENDIMENTO IMOBILIARIO SPE LTDA,Maceió,DEMAIS,Incorporacao de empreendimentos imobiliarios,0,1,SOMENTE SENAI,SENAI → SESI
52750389000196,COUTINHO SMART INCORPORACOES LTDA,Maceió,DEMAIS,Construcao de edificios,0,1,SOMENTE SENAI,SENAI → SESI
48095104000153,CRUZ DAS ALMAS EMPREENDIMENTO IMOBILIARIO SPE LTDA,Maceió,DEMAIS,Incorporacao de empreendimentos imobiliarios,0,1,SOMENTE SENAI,SENAI → SESI
49996687000156,DJE ENGENHARIA COMERCIO E SERVICOS LTDA,Maceió,PEQUENO PORTE,"Fabricacao de valvulas, registros e dispositivos semelhantes, pecas e acessorios",0,1,SOMENTE SENAI,SENAI → SESI
24146840000125,DONNA LAI SALGADOS LTDA,Maceió,MICRO EMPRESA,Fabricacao de alimentos e pratos prontos,0,1,SOMENTE SENAI,SENAI → SESI
49770750000131,DUO LOCACAO E ADMINISTRACAO LTDA,Maceió,MICRO EMPRESA,Administracao de obras,0,1,SOMENTE SENAI,SENAI → SESI
13591329000116,DUPPLA CONSTRUCOES LTDA,Maceió,DEMAIS,Construcao de edificios,0,1,SOMENTE SENAI,SENAI → SESI
15590007000188,E M EMPREENDIMENTOS IMOBILIARIOS LTDA,Maceió,DEMAIS,Construcao de edificios,0,1,SOMENTE SENAI,SENAI → SESI
12476466000147,ECOPAR ENGENHARIA LTDA,Maceió,PEQUENO PORTE,Construcao de edificios,0,1,SOMENTE SENAI,SENAI → SESI
48012237000119,EDIFICIO GENOVA SPE LTDA,Maceió,DEMAIS,Incorporacao de empreendimentos imobiliarios,0,1,SOMENTE SENAI,SENAI → SESI
9411692000135,ENGEMATLOC - TERRAPLENAGEM E LOCACOES LTDA,Maceió,DEMAIS,Construcao de edificios,0,1,SOMENTE SENAI,SENAI → SESI
55187737000157,EP3 CONSTRUCAO E PLANEJAMENTO LTDA,Maceió,MICRO EMPRESA,Servicos de engenharia,0,1,SOMENTE SENAI,SENAI → SESI
12272084000100,EQUATORIAL ALAGOAS DISTRIBUIDORA DE ENERGIA S.A.,Maceió,DEMAIS,Distribuicao de energia eletrica,0,1,SOMENTE SENAI,SENAI → SESI
36634768000164,EQUILIBRIO VIDROS TEMPERADOS LTDA,Maceió,PEQUENO PORTE,Fabricacao de vidro plano e de seguranca,0,1,SOMENTE SENAI,SENAI → SESI
27347894000147,ESTOFADOS BELLO LTDA,Maceió,PEQUENO PORTE,Fabricacao de moveis com predominancia de madeira,0,1,SOMENTE SENAI,SENAI → SESI
19585028000166,ETHICA SERVICOS DE ENGENHARIA E CONSTRUCAO LTDA,Maceió,DEMAIS,Construcao de edificios,0,1,SOMENTE SENAI,SENAI → SESI
31035574000129,EUDES JERONIMO & CIA LTDA,Maceió,DEMAIS,Construcao de edificios,0,1,SOMENTE SENAI,SENAI → SESI
33142642000184,F.R. SERVICOS AUTOMOTIVOS LTDA,Maceió,PEQUENO PORTE,Servicos de manutencao e reparacao mecanica de veiculos automotores,0,1,SOMENTE SENAI,SENAI → SESI
50938938000125,F6 EMPREENDIMENTO IMOBILIARIO SPE LTDA,Maceió,DEMAIS,Incorporacao de empreendimentos imobiliarios,0,1,SOMENTE SENAI,SENAI → SESI
48361535000114,FALCAO CONSTRUCOES LTDA,Maceió,PEQUENO PORTE,Construcao de edificios,0,1,SOMENTE SENAI,SENAI → SESI
1413951000155,FERPLAS INDUSTRIA DE ARTEFATOS DE ARAME LTDA,Maceió,DEMAIS,Fabricacao de outros produtos de metal nao especificados anteriormente,0,1,SOMENTE SENAI,SENAI → SESI
32020674000144,FP ENGENHARIA LTDA,Maceió,PEQUENO PORTE,Obras de terraplenagem,0,1,SOMENTE SENAI,SENAI → SESI
47074912000171,GRAFICA MASCARENHAS DIGITAL LTDA,Maceió,PEQUENO PORTE,Impressao de material para outros usos,0,1,SOMENTE SENAI,SENAI → SESI
887925000104,GRAFMARQUES INDUSTRIA EDITORA E SERVICOS LTDA,Maceió,DEMAIS,"Impressao de livros, revistas e outras publicacoes periodicas",0,1,SOMENTE SENAI,SENAI → SESI
48462452000111,HIDROSOL ENERGIA SOLAR REPRESENTACAO E SERVICOS LTDA,Maceió,MICRO EMPRESA,Instalacao de maquinas e equipamentos industriais,0,1,SOMENTE SENAI,SENAI → SESI
37157610000103,J N INDUSTRIA DE PREMOLDADOS LTDA,Maceió,PEQUENO PORTE,"Fabricacao de estruturas pre moldadas de concreto armado, em serie e sob encomenda",0,1,SOMENTE SENAI,SENAI → SESI
42860886000193,JOHN FERNANDES VENANCIO LTDA,Maceió,MICRO EMPRESA,"Confeccao de pecas de vestuario, exceto roupas intimas e as confeccionadas sob medida",0,1,SOMENTE SENAI,SENAI → SESI
38240209000103,LC ENGENHARIA E EMPREENDIMENTOS LTDA,Maceió,DEMAIS,Construcao de edificios,0,1,SOMENTE SENAI,SENAI → SESI
28017647000145,LED ENGENHARIA E SINALIZACAO LTDA,Maceió,DEMAIS,Construcao de rodovias e ferrovias,0,1,SOMENTE SENAI,SENAI → SESI
38354009000173,LHT ENERGIA LTDA,Maceió,DEMAIS,Instalacao e manutencao eletrica,0,1,SOMENTE SENAI,SENAI → SESI
69943967000456,M J RAMOS BEZERRA LINS,Maceió,DEMAIS,Fornecimento de alimentos preparados preponderantemente para empresas,0,1,SOMENTE SENAI,SENAI → SESI
8049154000856,M3 TECNOLOGIA LTDA,Maceió,DEMAIS,Outras atividades de telecomunicacoes nao especificadas anteriormente,0,1,SOMENTE SENAI,SENAI → SESI
7868323000140,MACRO EMPREENDIMENTOS LTDA,Maceió,DEMAIS,Preparacao de canteiro e limpeza de terreno,0,1,SOMENTE SENAI,SENAI → SESI
56083430000179,MAHI PATACHO EMPREENDIMENTO IMOBILIARIO SPE LTDA,Maceió,DEMAIS,Incorporacao de empreendimentos imobiliarios,0,1,SOMENTE SENAI,SENAI → SESI
53689296000166,MARCINEIRO ECO BOUTIQUE RESIDENCE SPE LTDA,Maceió,DEMAIS,Construcao de edificios,0,1,SOMENTE SENAI,SENAI → SESI
3910880000121,MAUCON CONSTRUCOES LTDA,Maceió,DEMAIS,Construcao de edificios,0,1,SOMENTE SENAI,SENAI → SESI
45819383000162,MD AL PARQUE SHOPPING CONSTRUCOES SPE LTDA,Maceió,DEMAIS,Incorporacao de empreendimentos imobiliarios,0,1,SOMENTE SENAI,SENAI → SESI
43378051000164,MD AL ROOFTOP CONSTRUCOES LTDA,Maceió,DEMAIS,Incorporacao de empreendimentos imobiliarios,0,1,SOMENTE SENAI,SENAI → SESI
45909716000144,MD AL VIA EXPRESS CONSTRUCOES SPE LTDA,Maceió,DEMAIS,Incorporacao de empreendimentos imobiliarios,0,1,SOMENTE SENAI,SENAI → SESI
18729404000186,METAL INFRAESTRUTURA LTDA,Maceió,DEMAIS,"Construcao de redes de abastecimento de agua, coleta de esgoto e construcoes correlatas, exceto obras de irrigacao",0,1,SOMENTE SENAI,SENAI → SESI
8343492011164,MRV ENGENHARIA E PARTICIPACOES SA,Maceió,DEMAIS,Incorporacao de empreendimentos imobiliarios,0,1,SOMENTE SENAI,SENAI → SESI
24408420000170,MULTPAES FABRICACAO DE PAES LTDA,Maceió,MICRO EMPRESA,Fabricacao de produtos de padaria e confeitaria com predominancia de producao propria,0,1,SOMENTE SENAI,SENAI → SESI
21432103000281,NATURALLE TRATAMENTO DE RESIDUOS LTDA,Maceió,DEMAIS,Tratamento e disposicao de residuos nao perigosos,0,1,SOMENTE SENAI,SENAI → SESI
34098180000108,NAVONA INDUSTRIA E COMERCIO DE MARMORES E GRANITOS LTDA,Maceió,MICRO EMPRESA,"Aparelhamento de placas e execucao de trabalhos em marmore, granito, ardosia e outras pedras",0,1,SOMENTE SENAI,SENAI → SESI
8295518000101,P CASTRO REFRIGERACAO LTDA,Maceió,MICRO EMPRESA,"Instalacao e manutencao de sistemas centrais de ar condicionado, de ventilacao e refrigeracao",0,1,SOMENTE SENAI,SENAI → SESI
57061366000198,PATIO 3 EMPREENDIMENTO IMOBILIARIO SPE LTDA,Maceió,DEMAIS,Incorporacao de empreendimentos imobiliarios,0,1,SOMENTE SENAI,SENAI → SESI
38075121000175,PHAROS RESIDENCE EMPREENDIMENTO IMOBILIARIO SPE LTDA,Maceió,DEMAIS,Construcao de edificios,0,1,SOMENTE SENAI,SENAI → SESI
60321974000107,PIT STOP COMERCIO ALIMENTICIO LTDA,Maceió,MICRO EMPRESA,Fabricacao de produtos de padaria e confeitaria com predominancia de producao propria,0,1,SOMENTE SENAI,SENAI → SESI
6034228000189,PLATAFORMA ENGENHARIA LTDA,Maceió,DEMAIS,Construcao de edificios,0,1,SOMENTE SENAI,SENAI → SESI
62101633000143,POLITECNICA ENGENHARIA DE TRATAMENTO TERMICO LTDA,Maceió,MICRO EMPRESA,Servicos de tratamento e revestimento em metais,0,1,SOMENTE SENAI,SENAI → SESI
24506839000164,R V I COMERCIO E SERVICOS INDUSTRIAIS LTDA,Maceió,PEQUENO PORTE,Manutencao e reparacao de valvulas industriais,0,1,SOMENTE SENAI,SENAI → SESI
5439866000117,R W ALVES,Maceió,MICRO EMPRESA,Fabricacao de produtos de padaria e confeitaria com predominancia de producao propria,0,1,SOMENTE SENAI,SENAI → SESI
49173847000167,RIVIERA EMPREENDIMENTOS IMOBILIARIOS SPE LTDA,Maceió,DEMAIS,Incorporacao de empreendimentos imobiliarios,0,1,SOMENTE SENAI,SENAI → SESI
24353188000110,RUCA COMERCIO DE ALIMENTOS LTDA,Maceió,PEQUENO PORTE,Fabricacao de produtos de padaria e confeitaria com predominancia de producao propria,0,1,SOMENTE SENAI,SENAI → SESI
67945071221495,SAPORE S.A.,Maceió,DEMAIS,Fornecimento de alimentos preparados preponderantemente para empresas,0,1,SOMENTE SENAI,SENAI → SESI
19810812000120,SENA & MAIA LTDA,Maceió,MICRO EMPRESA,Fabricacao de gelo comum,0,1,SOMENTE SENAI,SENAI → SESI
8488348000181,SERPECAS ALAGOAS IMPLEMENTOS RODOVIARIOS LTDA,Maceió,DEMAIS,"Fabricacao de cabines, carrocerias e reboques para caminhoes",0,1,SOMENTE SENAI,SENAI → SESI
4583137000177,SOLIDA ENGENHARIA LTDA,Maceió,DEMAIS,Construcao de edificios,0,1,SOMENTE SENAI,SENAI → SESI
6937784000165,SOLIDEZ ENGENHARIA LTDA,Maceió,DEMAIS,Construcao de edificios,0,1,SOMENTE SENAI,SENAI → SESI
39808835000108,SOLUCAO CONSTRUCOES E SERVICOS LTDA,Maceió,DEMAIS,Servicos de engenharia,0,1,SOMENTE SENAI,SENAI → SESI
12841003000137,STE INSTALACOES ELETRICAS MONTAGENS E MANUTENCAO LTDA,Maceió,MICRO EMPRESA,Instalacao e manutencao eletrica,0,1,SOMENTE SENAI,SENAI → SESI
48244421000194,TATUAMUNHA 01 EMPREENDIMENTO IMOBILIARIO SPE LTDA,Maceió,DEMAIS,Incorporacao de empreendimentos imobiliarios,0,1,SOMENTE SENAI,SENAI → SESI
24447770002270,"TEIXEIRA DUARTE - ENGENHARIA E CONSTRUCOES, S.A.",Maceió,DEMAIS,Construcao de edificios,0,1,SOMENTE SENAI,SENAI → SESI
6698221000161,TEMPERMAC VIDROS TEMPERADOS DE MACEIO LTDA,Maceió,PEQUENO PORTE,Fabricacao de vidro plano e de seguranca,0,1,SOMENTE SENAI,SENAI → SESI
13748815000103,TOTEM INFRAESTRUTURA E CONSTRUCAO CIVIL LTDA,Maceió,PEQUENO PORTE,Construcao de rodovias e ferrovias,0,1,SOMENTE SENAI,SENAI → SESI
19499296000165,ULTRACANUDOS INDUSTRIA E COMERCIO DE PLASTICOS LTDA,Maceió,PEQUENO PORTE,Fabricacao de embalagens de material plastico,0,1,SOMENTE SENAI,SENAI → SESI
14554855000179,UNICA ENGENHARIA E EMPREENDIMENTOS IMOBILIARIOS LTDA,Maceió,DEMAIS,Construcao de edificios,0,1,SOMENTE SENAI,SENAI → SESI
53737997000123,VALDIR D DA SILVA,Maceió,MICRO EMPRESA,Servicos de manutencao e reparacao mecanica de veiculos automotores,0,1,SOMENTE SENAI,SENAI → SESI
469393000187,VALMAR SERVICOS INDUSTRIAIS LTDA,Maceió,DEMAIS,Servicos de engenharia,0,1,SOMENTE SENAI,SENAI → SESI
44992350000238,VERDE AMBIENTAL ALAGOAS S.A.,Maceió,DEMAIS,"Captacao, tratamento e distribuicao de agua",0,1,SOMENTE SENAI,SENAI → SESI
27242125000184,VERGARE ENGENHARIA LTDA,Maceió,PEQUENO PORTE,Servicos de engenharia,0,1,SOMENTE SENAI,SENAI → SESI
42623135000153,VERTICE SERVICOS DE ENGENHARIA E CONSULTORIA LTDA,Maceió,DEMAIS,Construcao de edificios,0,1,SOMENTE SENAI,SENAI → SESI
51321533000106,WATAL PATACHO ECO BOUTIQUE RESIDENCE SPE LTDA,Maceió,DEMAIS,Construcao de edificios,0,1,SOMENTE SENAI,SENAI → SESI
4821392000100,WELDSERVICE LTDA,Maceió,PEQUENO PORTE,"Servicos de usinagem, tornearia e solda",0,1,SOMENTE SENAI,SENAI → SESI
47133502000154,GROUP DAMASCENO LTDA,Maragogi,MICRO EMPRESA,Fabricacao de biscoitos e bolachas,0,1,SOMENTE SENAI,SENAI → SESI
21656926000100,LUCELENA DA ROCHA VANDERLEI,Maragogi,MICRO EMPRESA,Fabricacao de biscoitos e bolachas,0,1,SOMENTE SENAI,SENAI → SESI
42150391002114,BRASKEM S.A,Marechal Deodoro,DEMAIS,Fabricacao de resinas termoplasticas,0,1,SOMENTE SENAI,SENAI → SESI
12478095000132,COMPANHIA ACUCAREIRA CENTRAL SUMAUMA - EM RECUPERACAO JUDICIAL,Marechal Deodoro,DEMAIS,Fabricacao de acucar em bruto,0,1,SOMENTE SENAI,SENAI → SESI
5208211002505,IN HAUS INDUSTRIAL E SERVICOS DE LOGISTICA S/A,Marechal Deodoro,DEMAIS,"Instalacao e manutencao de sistemas centrais de ar condicionado, de ventilacao e refrigeracao",0,1,SOMENTE SENAI,SENAI → SESI
5204509000170,JOPLAS INDUSTRIAL LTDA,Marechal Deodoro,DEMAIS,Fabricacao de laminados planos e tubulares de material plastico,0,1,SOMENTE SENAI,SENAI → SESI
53996848000189,NEW HOUSE FRANCES SPE LTDA,Marechal Deodoro,DEMAIS,Incorporacao de empreendimentos imobiliarios,0,1,SOMENTE SENAI,SENAI → SESI
1974371000218,RISOTERM ISOLANTES TERMICOS LTDA,Marechal Deodoro,DEMAIS,Outras obras de instalacoes em construcoes nao especificadas anteriormente,0,1,SOMENTE SENAI,SENAI → SESI
57348178000145,RLX COMERCIO DE FRUTAS LTDA,Marechal Deodoro,MICRO EMPRESA,"Fabricacao de sucos de frutas, hortalicas e legumes, exceto concentrados",0,1,SOMENTE SENAI,SENAI → SESI
33064262000845,TIGRE FERRAMENTAS PARA CONSTRUCAO CIVIL S.A,Marechal Deodoro,DEMAIS,Fabricacao de artefatos de material plastico para outros usos nao especificados anteriormente,0,1,SOMENTE SENAI,SENAI → SESI
53241657000107,VIVER BEM PROJETO 05 EMPREENDIMENTO IMOBILIARIO SPE LTDA,Marechal Deodoro,DEMAIS,Incorporacao de empreendimentos imobiliarios,0,1,SOMENTE SENAI,SENAI → SESI
2949016002548,CONTROL CONSTRUCOES S.A,Matriz de Camaragibe,DEMAIS,Instalacao e manutencao eletrica,0,1,SOMENTE SENAI,SENAI → SESI
37888525000115,ATLANTIDA SE EMPREENDIMENTO IMOBILIARIO SPE LTDA,Messias,PEQUENO PORTE,Construcao de edificios,0,1,SOMENTE SENAI,SENAI → SESI
5612717000450,ENERGY ENGENHARIA LTDA,Murici,DEMAIS,"Fabricacao de estruturas pre moldadas de concreto armado, em serie e sob encomenda",0,1,SOMENTE SENAI,SENAI → SESI
8898820000154,ASSISTENCE ENGENHARIA LTDA,Paripueira,PEQUENO PORTE,Construcao de edificios,0,1,SOMENTE SENAI,SENAI → SESI
49204490000137,MASETTO ALIMENTOS LTDA,Penedo,MICRO EMPRESA,Fabricacao de conservas de frutas,0,1,SOMENTE SENAI,SENAI → SESI
52535498000190,CAPETRO ASFALTOS LTDA,Pilar,DEMAIS,Fabricacao de outros produtos quimicos nao especificados anteriormente,0,1,SOMENTE SENAI,SENAI → SESI
36862046000167,E MANGABEIRA LTDA,Pilar,MICRO EMPRESA,Fabricacao de estruturas metalicas,0,1,SOMENTE SENAI,SENAI → SESI
2805820003100,ENERFLEX BRASIL ENERGIA LTDA,Pilar,DEMAIS,Atividades de apoio a extracao de petroleo e gas natural,0,1,SOMENTE SENAI,SENAI → SESI
24252447000116,TEKNOL ELETRONICA INDUSTRIAL LTDA,Pilar,DEMAIS,"Manutencao e reparacao de maquinas, aparelhos e materiais eletricos nao especificados anteriormente",0,1,SOMENTE SENAI,SENAI → SESI
12392890000103,IMCREL IRMAOS MOREIRA EXTRACAO MINERAL LTDA,Rio Largo,DEMAIS,Extracao e britamento de pedras e outros materiais para construcao e beneficiamento associado,0,1,SOMENTE SENAI,SENAI → SESI
8962155000110,NORDESTE MOVEIS LTDA,Rio Largo,MICRO EMPRESA,Fabricacao de moveis com predominancia de madeira,0,1,SOMENTE SENAI,SENAI → SESI
36434141000160,SONHOBOM INDUSTRIA E COMERCIO DE MOVEIS LTDA,Rio Largo,PEQUENO PORTE,Fabricacao de colchoes,0,1,SOMENTE SENAI,SENAI → SESI
12275715000136,UTINGA ACUCAR E ETANOL S/A,Rio Largo,DEMAIS,Fabricacao de acucar em bruto,0,1,SOMENTE SENAI,SENAI → SESI
2949016002203,CONTROL CONSTRUCOES S.A,Santana do Ipanema,DEMAIS,Instalacao e manutencao eletrica,0,1,SOMENTE SENAI,SENAI → SESI
28450759000195,F T DE SOUZA FABRICACOES E CONSTRUCOES,Santana do Ipanema,MICRO EMPRESA,"Fabricacao de artefatos de ceramica e barro cozido para uso na construcao, exceto azulejos e pisos",0,1,SOMENTE SENAI,SENAI → SESI
31996403000166,MUI NOBRE ALIMENTOS LTDA,Santana do Ipanema,PEQUENO PORTE,"Fabricacao de especiarias, molhos, temperos e condimentos",0,1,SOMENTE SENAI,SENAI → SESI
4287461000148,UNICON CONSTRUCOES LTDA,Santana do Ipanema,DEMAIS,Construcao de edificios,0,1,SOMENTE SENAI,SENAI → SESI
9232993000100,EVANDRO V LIMA PANIFICACAO LTDA.,São José da Tapera,PEQUENO PORTE,Fabricacao de produtos de padaria e confeitaria com predominancia de producao propria,0,1,SOMENTE SENAI,SENAI → SESI
10220039007423,OECI S.A.,São José da Tapera,DEMAIS,Construcao de obras de arte especiais,0,1,SOMENTE SENAI,SENAI → SESI
31534780000183,31.534.780 DIEGO CESAR SILVA SANTOS,São Miguel dos Campos,PEQUENO PORTE,Instalacao e manutencao eletrica,0,1,SOMENTE SENAI,SENAI → SESI
53062066000172,ANA GILDA ROBERTO DOS SANTOS,São Miguel dos Campos,MICRO EMPRESA,Fabricacao de alimentos e pratos prontos,0,1,SOMENTE SENAI,SENAI → SESI
26609733000111,SEABRA ENGENHARIA E PROJETOS LTDA,São Miguel dos Campos,PEQUENO PORTE,Construcao de edificios,0,1,SOMENTE SENAI,SENAI → SESI
4426278000186,AGROPECUARIA INDUSTRIAL ALBA LTDA,Viçosa,MICRO EMPRESA,Fabricacao de laticinios,0,1,SOMENTE SENAI,SENAI → SESI
823434000191,AGRICOM AGRO INDUSTRIA E COMERCIO ANADIENSE LTDA,Anadia,PEQUENO PORTE,Fabricacao de conservas de frutas,1,0,SOMENTE SESI,SESI → SENAI
3657005000180,INDUSTRIA E COMERCIO DE AGUA MINERAL ANADIENSE LTDA,Anadia,DEMAIS,Fabricacao de aguas envasadas,1,0,SOMENTE SESI,SESI → SENAI
44260182000105,44.260.182 JEFFERSON DELANIO SOUZA DA SILVA,Arapiraca,MICRO EMPRESA,Instalacao e manutencao eletrica,1,0,SOMENTE SESI,SESI → SENAI
10547384000110,ACESSO10 INTERNET LTDA,Arapiraca,PEQUENO PORTE,Provedores de acesso as redes de comunicacoes,1,0,SOMENTE SESI,SESI → SENAI
2688725000140,AGRESTE ENGENHARIA SERVICOS E LOCACOES LTDA,Arapiraca,MICRO EMPRESA,Instalacao e manutencao eletrica,1,0,SOMENTE SESI,SESI → SENAI
15401489000180,AGRESTE SANEAMENTO S.A.,Arapiraca,DEMAIS,"Captacao, tratamento e distribuicao de agua",1,0,SOMENTE SESI,SESI → SENAI
40651434000176,AILSON O. ALMEIDA,Arapiraca,MICRO EMPRESA,Provedores de acesso as redes de comunicacoes,1,0,SOMENTE SESI,SESI → SENAI
33058882000103,ALYSSON J F DE OLIVEIRA,Arapiraca,MICRO EMPRESA,Servicos de comunicacao multimidia - scm,1,0,SOMENTE SESI,SESI → SENAI
20790997000138,ANA GLAUCIA DUARTE MENDONCA,Arapiraca,MICRO EMPRESA,Servicos de alinhamento e balanceamento de veiculos automotores,1,0,SOMENTE SESI,SESI → SENAI
29078439000119,ARTUR LUIS FERREIRA DE LIMA LTDA,Arapiraca,MICRO EMPRESA,Servicos de comunicacao multimidia - scm,1,0,SOMENTE SESI,SESI → SENAI
3636036001630,ASA BRANCA INDL. COML. E IMPORTADORA LTDA,Arapiraca,DEMAIS,"Preservacao de peixes, crustaceos e moluscos",1,0,SOMENTE SESI,SESI → SENAI
2181391000113,AVLYS CONFECCOES LTDA,Arapiraca,MICRO EMPRESA,"Confeccao de roupas profissionais, exceto sob medida",1,0,SOMENTE SESI,SESI → SENAI
54209896000142,C B DA COSTA ARAMOVEIS LTDA,Arapiraca,MICRO EMPRESA,"Fabricacao de moveis de outros materiais, exceto madeira e metal",1,0,SOMENTE SESI,SESI → SENAI
41480855000144,CARLOS A DOS S FARIAS GRAFICA E EDITORA,Arapiraca,MICRO EMPRESA,Impressao de material para outros usos,1,0,SOMENTE SESI,SESI → SENAI
34786603000182,CAVALCANTE E SILVA MECANICA LTDA,Arapiraca,MICRO EMPRESA,Servicos de manutencao e reparacao mecanica de veiculos automotores,1,0,SOMENTE SESI,SESI → SENAI
15581636000303,CIANO SOLUCOES AMBIENTAIS LTDA,Arapiraca,DEMAIS,Coleta de residuos nao perigosos,1,0,SOMENTE SESI,SESI → SENAI
7149307000521,CONFECCOES NOBREGA LTDA,Arapiraca,PEQUENO PORTE,"Confeccao de pecas de vestuario, exceto roupas intimas e as confeccionadas sob medida",1,0,SOMENTE SESI,SESI → SENAI
12376097000110,D N VILELA TECNOLOGIA LTDA,Arapiraca,MICRO EMPRESA,Servicos de comunicacao multimidia - scm,1,0,SOMENTE SESI,SESI → SENAI
21870171000141,DANIEL DE OLIVEIRA SILVA,Arapiraca,MICRO EMPRESA,"Confeccao, sob medida, de roupas profissionais",1,0,SOMENTE SESI,SESI → SENAI
14783509000324,E. D. SERVICOS DE COMUNICACOES LTDA.,Arapiraca,PEQUENO PORTE,Provedores de acesso as redes de comunicacoes,1,0,SOMENTE SESI,SESI → SENAI
17900904000176,EDVAN BARBOSA DE MELO,Arapiraca,PEQUENO PORTE,Fabricacao de produtos de padaria e confeitaria com predominancia de producao propria,1,0,SOMENTE SESI,SESI → SENAI
4769851000154,ERIVALDO DA COSTA,Arapiraca,MICRO EMPRESA,Fabricacao de outros produtos de metal nao especificados anteriormente,1,0,SOMENTE SESI,SESI → SENAI
32792105000117,EWERSSON ASSIS DOS SANTOS,Arapiraca,MICRO EMPRESA,Fabricacao de moveis com predominancia de metal,1,0,SOMENTE SESI,SESI → SENAI
49138205000127,FONTES SAO CARLOS LTDA,Arapiraca,MICRO EMPRESA,Fabricacao de aguas envasadas,1,0,SOMENTE SESI,SESI → SENAI
13154151000227,FRIGOVALE DO GUAPORE COM. E IND. DE CARNES LTDA,Arapiraca,DEMAIS,Frigorifico - abate de bovinos,1,0,SOMENTE SESI,SESI → SENAI
22127049000142,G RODRIGUES RAMOS LTDA,Arapiraca,MICRO EMPRESA,Instalacao e manutencao eletrica,1,0,SOMENTE SESI,SESI → SENAI
53749121000105,INCOFIBRAS IND E COM DE PLASTICOS LTDA,Arapiraca,MICRO EMPRESA,"Fabricacao de artefatos de material plastico para uso na construcao, exceto tubos e acessorios",1,0,SOMENTE SESI,SESI → SENAI
858237000108,IND E COMERCIO DE MASSAS TRIGO LTDA,Arapiraca,PEQUENO PORTE,Fabricacao de biscoitos e bolachas,1,0,SOMENTE SESI,SESI → SENAI
19950277000103,INDUSTRIA ALIMENTICIA DOCE CAMPO VERDE LTDA,Arapiraca,DEMAIS,Fabricacao de conservas de frutas,1,0,SOMENTE SESI,SESI → SENAI
12164854000354,INDUSTRIA DE CIMENTOS DE ALAGOAS LTDA,Arapiraca,DEMAIS,Fabricacao de cimento,1,0,SOMENTE SESI,SESI → SENAI
12213443000140,INDUSTRIAS REUNIDAS CORINGA LTDA,Arapiraca,DEMAIS,"Fabricacao de farinha de milho e derivados, exceto oleos de milho",1,0,SOMENTE SESI,SESI → SENAI
1232050000167,IRANILDO BARBOSA DE FARIAS LTDA,Arapiraca,MICRO EMPRESA,"Fabricacao de letras, letreiros e placas de qualquer material, exceto luminosos",1,0,SOMENTE SESI,SESI → SENAI
48973289000151,ITAMAR AUTO CENTER LTDA,Arapiraca,PEQUENO PORTE,Servicos de manutencao e reparacao mecanica de veiculos automotores,1,0,SOMENTE SESI,SESI → SENAI
27973446000159,ITSNET TELECOM LTDA,Arapiraca,MICRO EMPRESA,Provedores de acesso as redes de comunicacoes,1,0,SOMENTE SESI,SESI → SENAI
13647785000130,"IVC - ALIMENTOS, BEBIDAS E LOGISTICA LTDA",Arapiraca,DEMAIS,Fabricacao de vinagres,1,0,SOMENTE SESI,SESI → SENAI
7670835000106,J D DA SILVA SERVICOS,Arapiraca,MICRO EMPRESA,Obras de alvenaria,1,0,SOMENTE SESI,SESI → SENAI
20655142000102,J J LIRA PANIFICADORA LTDA,Arapiraca,PEQUENO PORTE,Fabricacao de produtos de padaria e confeitaria com predominancia de producao propria,1,0,SOMENTE SESI,SESI → SENAI
45702351000182,J M DA SILVA FILHO CONFECCOES,Arapiraca,MICRO EMPRESA,"Confeccao, sob medida, de roupas profissionais",1,0,SOMENTE SESI,SESI → SENAI
6204078000104,J S OLIVEIRA TROPICAL LTDA,Arapiraca,PEQUENO PORTE,Fabricacao de produtos de panificacao industrial,1,0,SOMENTE SESI,SESI → SENAI
8465020000140,J. F. CAVALCANTE PANIFICACAO,Arapiraca,MICRO EMPRESA,Fabricacao de produtos de padaria e confeitaria com predominancia de producao propria,1,0,SOMENTE SESI,SESI → SENAI
11165010000101,J. FRANCISCO DA SILVA,Arapiraca,PEQUENO PORTE,"Fabricacao de cabines, carrocerias e reboques para outros veiculos automotores, exceto caminhoes e onibus",1,0,SOMENTE SESI,SESI → SENAI
28160531000160,JOSE ANDERSON DE OLIVEIRA SILVA,Arapiraca,MICRO EMPRESA,Servicos de comunicacao multimidia - scm,1,0,SOMENTE SESI,SESI → SENAI
24726921000102,JOSE ARNALDO PINHEIRO DE SOUZA LTDA,Arapiraca,MICRO EMPRESA,Servicos de comunicacao multimidia - scm,1,0,SOMENTE SESI,SESI → SENAI
15222018000105,JR DA SILVA CALHAS,Arapiraca,MICRO EMPRESA,Producao de artefatos estampados de metal,1,0,SOMENTE SESI,SESI → SENAI
12017984000100,JUCINEIDE MARINHO MARIANO,Arapiraca,MICRO EMPRESA,"Confeccao, sob medida, de roupas profissionais",1,0,SOMENTE SESI,SESI → SENAI
6145615000192,KAIZEN INDUSTRIA E COMERCIO DE COSMETICOS LTDA,Arapiraca,PEQUENO PORTE,"Fabricacao de cosmeticos, produtos de perfumaria e de higiene pessoal",1,0,SOMENTE SESI,SESI → SENAI
61289423000168,L F RIBEIRO LIMA SILVA LTDA,Arapiraca,MICRO EMPRESA,Fabricacao de produtos de padaria e confeitaria com predominancia de producao propria,1,0,SOMENTE SESI,SESI → SENAI
63801373000181,LEVIPAN IND E COM DE PAES CONGELADOS LTDA,Arapiraca,DEMAIS,Fabricacao de produtos de panificacao industrial,1,0,SOMENTE SESI,SESI → SENAI
26405315000102,LOCANET TELECOMUNICACOES LTDA,Arapiraca,MICRO EMPRESA,Servicos de comunicacao multimidia - scm,1,0,SOMENTE SESI,SESI → SENAI
24321382000202,LUNA L NUNES AVICOLA LTDA,Arapiraca,DEMAIS,Fabricacao de alimentos para animais,1,0,SOMENTE SESI,SESI → SENAI
32863295000116,M L DA COSTA LTDA,Arapiraca,PEQUENO PORTE,Fabricacao de esquadrias de metal,1,0,SOMENTE SESI,SESI → SENAI
773296000183,MAP GELO LTDA,Arapiraca,MICRO EMPRESA,Fabricacao de gelo comum,1,0,SOMENTE SESI,SESI → SENAI
8680499000137,MAP INDUSTRIA E COMERCIO DE CONDIMENTOS E PLASTICOS LTDA,Arapiraca,PEQUENO PORTE,Fabricacao de vinagres,1,0,SOMENTE SESI,SESI → SENAI
36032082000101,MARCONORTE ENERGIA E EDUCACAO LTDA,Arapiraca,MICRO EMPRESA,Instalacao e manutencao eletrica,1,0,SOMENTE SESI,SESI → SENAI
18513216000116,MEGA INSTALACOES LTDA,Arapiraca,PEQUENO PORTE,Instalacao de maquinas e equipamentos industriais,1,0,SOMENTE SESI,SESI → SENAI
13342753000127,MINERACAO BARRETO SA,Arapiraca,DEMAIS,"Extracao de minerais para fabricacao de adubos, fertilizantes e outros produtos quimicos",1,0,SOMENTE SESI,SESI → SENAI
4224419000188,N B DOS SANTOS ALUMINIOS,Arapiraca,PEQUENO PORTE,Fabricacao de artigos de metal para uso domestico e pessoal,1,0,SOMENTE SESI,SESI → SENAI
5607666000126,NOEL NIVALDO DE SOUZA MOVEIS,Arapiraca,PEQUENO PORTE,Fabricacao de moveis com predominancia de madeira,1,0,SOMENTE SESI,SESI → SENAI
28868681000123,P H PEREIRA GOMES,Arapiraca,MICRO EMPRESA,Fabricacao de biscoitos e bolachas,1,0,SOMENTE SESI,SESI → SENAI
38732934000190,PLASTIC PACK LTDA,Arapiraca,MICRO EMPRESA,Fabricacao de embalagens de material plastico,1,0,SOMENTE SESI,SESI → SENAI
63928110000138,PORTAX PORTAS DE ENROLAR AUTOMATICAS LTDA,Arapiraca,MICRO EMPRESA,Fabricacao de esquadrias de metal,1,0,SOMENTE SESI,SESI → SENAI
5132476000108,PROTEICA ALIMENTOS LIMITADA,Arapiraca,DEMAIS,Fabricacao de alimentos para animais,1,0,SOMENTE SESI,SESI → SENAI
6161119000122,Q. VIEIRA DA CONCEICAO,Arapiraca,MICRO EMPRESA,"Confeccao, sob medida, de roupas profissionais",1,0,SOMENTE SESI,SESI → SENAI
39813810000100,QUINAS ARQUITETURA E ENGENHARIA LTDA,Arapiraca,PEQUENO PORTE,Construcao de edificios,1,0,SOMENTE SESI,SESI → SENAI
49616500000141,R A SERVICOS LTDA,Arapiraca,PEQUENO PORTE,Recondicionamento e recuperacao de motores para veiculos automotores,1,0,SOMENTE SESI,SESI → SENAI
43078549000101,R R COMERCIO E AUTO SERVICOS LTDA,Arapiraca,MICRO EMPRESA,Servicos de manutencao e reparacao mecanica de veiculos automotores,1,0,SOMENTE SESI,SESI → SENAI
17112040000128,RETIFICA DE MOTORES PINCEL LTDA,Arapiraca,MICRO EMPRESA,Recondicionamento e recuperacao de motores para veiculos automotores,1,0,SOMENTE SESI,SESI → SENAI
44835017000134,RM INDUSTRIA DE ACO LTDA,Arapiraca,PEQUENO PORTE,Fabricacao de estruturas metalicas,1,0,SOMENTE SESI,SESI → SENAI
3360646000178,SAMPLAS INDUSTRIA E COMERCIO DE PLASTICOS LTDA.,Arapiraca,DEMAIS,Fabricacao de artefatos de material plastico para outros usos nao especificados anteriormente,1,0,SOMENTE SESI,SESI → SENAI
2597092000164,SANTANA & SACRAMENTO LTDA,Arapiraca,PEQUENO PORTE,Impressao de material para outros usos,1,0,SOMENTE SESI,SESI → SENAI
4918610000120,SAO LUIZ INDUSTRIA E COMERCIO DE ALIMENTOS LTDA,Arapiraca,PEQUENO PORTE,Fabricacao de produtos de padaria e confeitaria com predominancia de producao propria,1,0,SOMENTE SESI,SESI → SENAI
26777267000183,TCA - INDUSTRIA DE ALIMENTOS LTDA,Arapiraca,MICRO EMPRESA,Fabricacao de conservas de frutas,1,0,SOMENTE SESI,SESI → SENAI
8509161000117,TERRA NOSSA CONSTRUCOES E INCORPORACOES LTDA,Arapiraca,PEQUENO PORTE,Construcao de edificios,1,0,SOMENTE SESI,SESI → SENAI
2112625000170,UNIGRAF LTDA,Arapiraca,MICRO EMPRESA,Impressao de material para outros usos,1,0,SOMENTE SESI,SESI → SENAI
1774021000127,VULCAP - VULCANIZACAO ARAPIRACA LTDA,Arapiraca,PEQUENO PORTE,Fabricacao de pneumaticos e de camaras de ar,1,0,SOMENTE SESI,SESI → SENAI
10824654000193,CERAMICA DO AGRESTE LTDA,Atalaia,PEQUENO PORTE,"Fabricacao de artefatos de ceramica e barro cozido para uso na construcao, exceto azulejos e pisos",1,0,SOMENTE SESI,SESI → SENAI
28839212000186,ADRIANA DA SILVA SANTOS,Barra de Santo Antônio,MICRO EMPRESA,Fabricacao de produtos de padaria e confeitaria com predominancia de producao propria,1,0,SOMENTE SESI,SESI → SENAI
36184815000115,JOSE ROBERTO DA SILVA COMERCIO LTDA,Barra de Santo Antônio,MICRO EMPRESA,Fabricacao de produtos de padaria e confeitaria com predominancia de producao propria,1,0,SOMENTE SESI,SESI → SENAI
46767259000163,EL-AGRO COMERCIO DE INSUMOS AGRICOLAS LTDA,Barra de São Miguel,PEQUENO PORTE,"Preparacao e fiacao de fibras texteis naturais, exceto algodao",1,0,SOMENTE SESI,SESI → SENAI
41166745000102,MARUSKA FIBRA DE COCO LTDA,Barra de São Miguel,PEQUENO PORTE,"Preparacao e fiacao de fibras texteis naturais, exceto algodao",1,0,SOMENTE SESI,SESI → SENAI
22318086000138,ANA MARIA SOARES DE LIMA,Batalha,MICRO EMPRESA,Fabricacao de laticinios,1,0,SOMENTE SESI,SESI → SENAI
20409151000105,WIB PROVEDORES DE ACESSO LTDA,Batalha,PEQUENO PORTE,Servicos de comunicacao multimidia - scm,1,0,SOMENTE SESI,SESI → SENAI
13342753000470,MINERACAO BARRETO SA,Belo Monte,DEMAIS,"Extracao de minerais para fabricacao de adubos, fertilizantes e outros produtos quimicos",1,0,SOMENTE SESI,SESI → SENAI
12733937000155,TRIUNFO AGROINDUSTRIAL LTDA EM RECUPERACAO JUDICIAL,Boca da Mata,DEMAIS,Fabricacao de acucar em bruto,1,0,SOMENTE SESI,SESI → SENAI
5097317000101,FAZENDA TIMBAUBA INDUSTRIA E COMERCIO LTDA,Cacimbinhas,PEQUENO PORTE,Fabricacao de laticinios,1,0,SOMENTE SESI,SESI → SENAI
41194558000132,LATICINIO GALINHAS DO MAIA LTDA,Cacimbinhas,MICRO EMPRESA,Fabricacao de laticinios,1,0,SOMENTE SESI,SESI → SENAI
10629404000100,LATICINIO RENASCER LTDA,Cajueiro,PEQUENO PORTE,Fabricacao de laticinios,1,0,SOMENTE SESI,SESI → SENAI
8172791000149,BENTO E BISPO TELEINFORMATICA LTDA,Campo Alegre,MICRO EMPRESA,Servicos de comunicacao multimidia - scm,1,0,SOMENTE SESI,SESI → SENAI
12217832000224,INDUSTRIAL PORTO RICO S A - EM RECUPERACAO JUDICIAL,Campo Alegre,DEMAIS,Fabricacao de acucar em bruto,1,0,SOMENTE SESI,SESI → SENAI
2143828000124,LIMA & ANTUNES LTDA,Capela,MICRO EMPRESA,Fabricacao de laticinios,1,0,SOMENTE SESI,SESI → SENAI
39237180000165,R GOMES SANTOS LTDA,Coité do Nóia,MICRO EMPRESA,Servicos de comunicacao multimidia - scm,1,0,SOMENTE SESI,SESI → SENAI
45410144000154,ECO E PONTO LTDA,Coruripe,MICRO EMPRESA,Recuperacao de materiais nao especificados anteriormente,1,0,SOMENTE SESI,SESI → SENAI
16982376000260,ALAGOAS AMBIENTAL S/A,Craíbas,DEMAIS,Tratamento e disposicao de residuos nao perigosos,1,0,SOMENTE SESI,SESI → SENAI
19936024000428,PFM REFEICOES LTDA,Craíbas,DEMAIS,Fornecimento de alimentos preparados preponderantemente para empresas,1,0,SOMENTE SESI,SESI → SENAI
51065322000150,TOPFIBRA LTDA,Craíbas,MICRO EMPRESA,Servicos de comunicacao multimidia - scm,1,0,SOMENTE SESI,SESI → SENAI
16982376000340,ALAGOAS AMBIENTAL S/A,Delmiro Gouveia,DEMAIS,Tratamento e disposicao de residuos nao perigosos,1,0,SOMENTE SESI,SESI → SENAI
29441234000156,BISCOITO MANA LTDA,Delmiro Gouveia,PEQUENO PORTE,Fabricacao de biscoitos e bolachas,1,0,SOMENTE SESI,SESI → SENAI
35191383000107,INDUSTRIA SERTANEJA LTDA,Delmiro Gouveia,MICRO EMPRESA,Fabricacao de biscoitos e bolachas,1,0,SOMENTE SESI,SESI → SENAI
9555120000120,M. W. INDUSTRIA E EMPREENDIMENTOS LTDA,Feliz Deserto,DEMAIS,Moagem e fabricacao de produtos de origem vegetal nao especificados anteriormente,1,0,SOMENTE SESI,SESI → SENAI
55303152000155,NARAYANA CONEXOES DE INTERNET LTDA,Girau do Ponciano,MICRO EMPRESA,Provedores de acesso as redes de comunicacoes,1,0,SOMENTE SESI,SESI → SENAI
9498666000196,NARAYANA PROVEDOR DE INTERNET LTDA,Girau do Ponciano,PEQUENO PORTE,Servicos de comunicacao multimidia - scm,1,0,SOMENTE SESI,SESI → SENAI
5467621000101,WEDICAL INDUSTRIA E COMERCIO LTDA,Igaci,PEQUENO PORTE,"Fabricacao de cosmeticos, produtos de perfumaria e de higiene pessoal",1,0,SOMENTE SESI,SESI → SENAI
13342753000399,MINERACAO BARRETO SA,Jaramataia,DEMAIS,"Extracao de minerais para fabricacao de adubos, fertilizantes e outros produtos quimicos",1,0,SOMENTE SESI,SESI → SENAI
36381626000132,C R DE CAMARGO CONSTRUCOES LTDA,Joaquim Gomes,MICRO EMPRESA,Preparacao de massa de concreto e argamassa para construcao,1,0,SOMENTE SESI,SESI → SENAI
26807886000173,ADRIANO SOUZA DE SANTANA,Lagoa da Canoa,PEQUENO PORTE,Servicos de comunicacao multimidia - scm,1,0,SOMENTE SESI,SESI → SENAI
17958389000185,COMBAP TERRAPLENAGEM LTDA,Lagoa da Canoa,MICRO EMPRESA,Obras de terraplenagem,1,0,SOMENTE SESI,SESI → SENAI
37288825000163,ELIAS J. DA SILVA,Limoeiro de Anadia,MICRO EMPRESA,Provedores de acesso as redes de comunicacoes,1,0,SOMENTE SESI,SESI → SENAI
12970570000193,INAP - INDUSTRIA ALIMENTICIA POPULAR LTDA,Limoeiro de Anadia,DEMAIS,Fabricacao de conservas de frutas,1,0,SOMENTE SESI,SESI → SENAI
38544161000119,A F DE LIMA LTDA,Maceió,PEQUENO PORTE,"Fabricacao de acessorios do vestuario, exceto para seguranca e protecao",1,0,SOMENTE SESI,SESI → SENAI
43595969000165,A S GOMES TELECOM LTDA,Maceió,MICRO EMPRESA,Servicos de comunicacao multimidia - scm,1,0,SOMENTE SESI,SESI → SENAI
17532856000100,A. DE GUSMAO LYRA NETO LTDA,Maceió,PEQUENO PORTE,Manutencao e reparacao de maquinas e aparelhos de refrigeracao e ventilacao para uso industrial e comercial,1,0,SOMENTE SESI,SESI → SENAI
33173705000160,A. P. DA SILVA PERFURACOES DE POCOS.,Maceió,MICRO EMPRESA,Perfuracao e construcao de pocos de agua,1,0,SOMENTE SESI,SESI → SENAI
23057444000169,A.S CAR REPINTURA AUTOMOTIVA LTDA,Maceió,PEQUENO PORTE,Servicos de lanternagem ou funilaria e pintura de veiculos automotores,1,0,SOMENTE SESI,SESI → SENAI
52237747000161,ACESSO ONLINE TELECOM LTDA,Maceió,MICRO EMPRESA,Servicos de comunicacao multimidia - scm,1,0,SOMENTE SESI,SESI → SENAI
19216314000154,ACIOLI INDUSTRIA E COMERCIO DE PRODUTOS DESCARTAVEIS LTDA,Maceió,PEQUENO PORTE,Fabricacao de embalagens de material plastico,1,0,SOMENTE SESI,SESI → SENAI
4012882000166,ACQUAPOCOS - PERFURACAO DE POCOS DE AGUA LTDA,Maceió,PEQUENO PORTE,Perfuracao e construcao de pocos de agua,1,0,SOMENTE SESI,SESI → SENAI
31948471000150,AGROBRASIL AGROINDUSTRIAL CEREAIS E SERVICOS LTDA,Maceió,PEQUENO PORTE,Beneficiamento de arroz,1,0,SOMENTE SESI,SESI → SENAI
5232382000100,AGUAS MINERAIS DO NORDESTE LTDA,Maceió,PEQUENO PORTE,Extracao de outros minerais nao metalicos nao especificados anteriormente,1,0,SOMENTE SESI,SESI → SENAI
20826927000192,AGUIAR E NASCIMENTO COMERCIO LTDA,Maceió,PEQUENO PORTE,Fabricacao de produtos de padaria e confeitaria com predominancia de producao propria,1,0,SOMENTE SESI,SESI → SENAI
39609914000190,AL CARDANS INDUSTRIA E COMERCIO DE PECAS E SERVICOS LTDA,Maceió,PEQUENO PORTE,Fabricacao de pecas e acessorios para o sistema de direcao e suspensao de veiculos automotores,1,0,SOMENTE SESI,SESI → SENAI
53243548000129,ALAGOANA IND. E COMERCIO DE IMPLEMENTOS LTDA,Maceió,MICRO EMPRESA,Servicos de manutencao e reparacao mecanica de veiculos automotores,1,0,SOMENTE SESI,SESI → SENAI
12264493000156,ALAGOAS VIDROS TEMPERADOS LTDA,Maceió,PEQUENO PORTE,Fabricacao de vidro plano e de seguranca,1,0,SOMENTE SESI,SESI → SENAI
35368695000143,ALIMENTA IND COM DE MASSAS FINAS E REP LTDA,Maceió,MICRO EMPRESA,Fabricacao de produtos de padaria e confeitaria com predominancia de producao propria,1,0,SOMENTE SESI,SESI → SENAI
9350655000164,ALVES E SIQUEIRA LTDA,Maceió,MICRO EMPRESA,Instalacao e manutencao eletrica,1,0,SOMENTE SESI,SESI → SENAI
1357555000158,AMAZONAS INDUSTRIA E COMERCIO DE ALIMENTOS LTDA,Maceió,PEQUENO PORTE,Fabricacao de outros produtos alimenticios nao especificados anteriormente,1,0,SOMENTE SESI,SESI → SENAI
44073180000107,ANA C DE O BARROS,Maceió,MICRO EMPRESA,Fabricacao de produtos de padaria e confeitaria com predominancia de producao propria,1,0,SOMENTE SESI,SESI → SENAI
5727414000130,ANA MARIA DA ROCHA DOS SANTOS,Maceió,MICRO EMPRESA,Fabricacao de produtos de padaria e confeitaria com predominancia de producao propria,1,0,SOMENTE SESI,SESI → SENAI
18531819000140,ANDERSON ARRAES DELFINO LTDA,Maceió,PEQUENO PORTE,Servicos de manutencao e reparacao mecanica de veiculos automotores,1,0,SOMENTE SESI,SESI → SENAI
18015981000106,ANDREA DORIA CHAVES MONTEIRO,Maceió,PEQUENO PORTE,Servicos de manutencao e reparacao mecanica de veiculos automotores,1,0,SOMENTE SESI,SESI → SENAI
40077724000158,ANDREA SANTOS LEOPOLDINO,Maceió,MICRO EMPRESA,Instalacao e manutencao eletrica,1,0,SOMENTE SESI,SESI → SENAI
21675045000136,ANTONIO DA SILVA SERVICOS LTDA,Maceió,MICRO EMPRESA,Instalacao e manutencao eletrica,1,0,SOMENTE SESI,SESI → SENAI
43301355000123,AP DE MORAIS - LTDA,Maceió,MICRO EMPRESA,"Aparelhamento de placas e execucao de trabalhos em marmore, granito, ardosia e outras pedras",1,0,SOMENTE SESI,SESI → SENAI
54058759000154,"ARTE & CONCEITO INSTALACOES, MONTAGENS E MANUTENCAO DE ESQUADRIAS DE ALUMINIO LTDA",Maceió,MICRO EMPRESA,"Instalacao de portas, janelas, tetos, divisorias e armarios embutidos de qualquer material",1,0,SOMENTE SESI,SESI → SENAI
1758073000100,AURICELIA MARIA DE REZENDE,Maceió,MICRO EMPRESA,"Confeccao de pecas de vestuario, exceto roupas intimas e as confeccionadas sob medida",1,0,SOMENTE SESI,SESI → SENAI
771260000160,B SILVA & CIA LTDA,Maceió,MICRO EMPRESA,"Fabricacao de artigos para viagem, bolsas e semelhantes de qualquer material",1,0,SOMENTE SESI,SESI → SENAI
19388186000126,BARBOSA E FONTAN COMERCIO LTDA,Maceió,MICRO EMPRESA,Fabricacao de bijuterias e artefatos semelhantes,1,0,SOMENTE SESI,SESI → SENAI
18414740000130,BIO DIGITAL RECICLAGEM DE ELETRONICOS LTDA,Maceió,MICRO EMPRESA,Recuperacao de sucatas de aluminio,1,0,SOMENTE SESI,SESI → SENAI
69989853000102,BONANCA CONSTRUTORA E INCORPORADORA LTDA,Maceió,DEMAIS,Construcao de edificios,1,0,SOMENTE SESI,SESI → SENAI
42418771000143,BOX STUDIO EMPREENDIMENTO IMOBILIARIO SPE LTDA,Maceió,DEMAIS,Incorporacao de empreendimentos imobiliarios,1,0,SOMENTE SESI,SESI → SENAI
42150391002033,BRASKEM S.A,Maceió,DEMAIS,Extracao de sal gema,1,0,SOMENTE SESI,SESI → SENAI
24987856000160,BRAZMARMORE INDUSTRIA E COMERCIO DE MARMORES E GRANITO LTDA,Maceió,MICRO EMPRESA,"Aparelhamento de placas e execucao de trabalhos em marmore, granito, ardosia e outras pedras",1,0,SOMENTE SESI,SESI → SENAI
42616246000132,BROWNIE DA MALI LTDA,Maceió,MICRO EMPRESA,Fabricacao de produtos de padaria e confeitaria com predominancia de producao propria,1,0,SOMENTE SESI,SESI → SENAI
38162420000147,BW PLAST INDUSTRIA E COMERCIO LTDA,Maceió,MICRO EMPRESA,Fabricacao de embalagens de material plastico,1,0,SOMENTE SESI,SESI → SENAI
2413246000110,C E O GUANABENS,Maceió,PEQUENO PORTE,Fabricacao de saboes e detergentes sinteticos,1,0,SOMENTE SESI,SESI → SENAI
61166290000132,C R DA SILVA MEGA NICHO,Maceió,MICRO EMPRESA,Fabricacao de moveis com predominancia de madeira,1,0,SOMENTE SESI,SESI → SENAI
51714908000106,CALEIDOSCOPIO COMERCIO LTDA,Maceió,PEQUENO PORTE,Fabricacao de bijuterias e artefatos semelhantes,1,0,SOMENTE SESI,SESI → SENAI
10897687000163,CAOFLEX INDUSTRIA E COMERCIO LTDA,Maceió,DEMAIS,Fabricacao de colchoes,1,0,SOMENTE SESI,SESI → SENAI
41391511000169,CAVALCANTI FARIAS LTDA,Maceió,DEMAIS,Construcao de edificios,1,0,SOMENTE SESI,SESI → SENAI
8911577000167,CBE - COMPANHIA BRASILEIRA DE ESQUADRIAS LTDA,Maceió,DEMAIS,Fabricacao de esquadrias de madeira e de pecas de madeira para instalacoes industriais e comerciais,1,0,SOMENTE SESI,SESI → SENAI
9002715000158,CENTRO AUTOMOTIVO MONAM - LTDA,Maceió,DEMAIS,Servicos de manutencao e reparacao mecanica de veiculos automotores,1,0,SOMENTE SESI,SESI → SENAI
12086091000109,CENTRO DAS CARNES LTDA,Maceió,MICRO EMPRESA,Fabricacao de produtos de carne,1,0,SOMENTE SESI,SESI → SENAI
35375005000264,COMERCIAL LETICIA LTDA,Maceió,MICRO EMPRESA,"Fabricacao de produtos de trefilados de metal, exceto padronizados",1,0,SOMENTE SESI,SESI → SENAI
59279481000169,CONDOMINIO N. PEDROSA EMPREENDIMENTO IMOBILIARIO SPE LTDA,Maceió,DEMAIS,Incorporacao de empreendimentos imobiliarios,1,0,SOMENTE SESI,SESI → SENAI
57179215000139,CONDOMINIO RESERVA DO CAJUEIRO EMPREENDIMENTO IMOBILIARIO SPE LTDA,Maceió,DEMAIS,Incorporacao de empreendimentos imobiliarios,1,0,SOMENTE SESI,SESI → SENAI
55611386000160,CONDOMINIO RESERVA DO PRATA EMPREENDIMENTO IMOBILIARIO SPE LTDA,Maceió,DEMAIS,Incorporacao de empreendimentos imobiliarios,1,0,SOMENTE SESI,SESI → SENAI
10929844000175,CONSERTCAR COMERCIO E SERVICOS LTDA,Maceió,MICRO EMPRESA,"Servicos de instalacao, manutencao e reparacao de acessorios para veiculos automotores",1,0,SOMENTE SESI,SESI → SENAI
54360360000123,CONSORCIO CMEIS 12 UNIDADES,Maceió,DEMAIS,Construcao de edificios,1,0,SOMENTE SESI,SESI → SENAI
54475254000195,CONSORCIO MERCADOS BENEDITO BENTES E JACINTNHO,Maceió,DEMAIS,Construcao de edificios,1,0,SOMENTE SESI,SESI → SENAI
51068576000121,CONSORCIO PAV VIAS DO SAO FRANCISCO,Maceió,DEMAIS,"Obras de urbanizacao - ruas, pracas e calcadas",1,0,SOMENTE SESI,SESI → SENAI
55246486000134,CONSORCIO PEDCAC,Maceió,DEMAIS,Construcao de edificios,1,0,SOMENTE SESI,SESI → SENAI
47028449000121,CONSORCIO VIAS DO NORTE 2 ETAPA,Maceió,DEMAIS,"Obras de urbanizacao - ruas, pracas e calcadas",1,0,SOMENTE SESI,SESI → SENAI
7524928000114,CONSTRU SERVICOS DE TELECOMUNICACOES LTDA,Maceió,PEQUENO PORTE,Construcao de estacoes e redes de telecomunicacoes,1,0,SOMENTE SESI,SESI → SENAI
8478265000101,CONSTRUTORA CAMELO LTDA,Maceió,PEQUENO PORTE,Construcao de edificios,1,0,SOMENTE SESI,SESI → SENAI
2949016000413,CONTROL CONSTRUCOES S.A,Maceió,DEMAIS,Instalacao e manutencao eletrica,1,0,SOMENTE SESI,SESI → SENAI
18130068000150,CORE AMBIENTAL LTDA,Maceió,MICRO EMPRESA,Coleta de residuos nao perigosos,1,0,SOMENTE SESI,SESI → SENAI
48512865000163,CZAR CONCRETE INDUSTRIA LTDA,Maceió,MICRO EMPRESA,Fabricacao de artefatos de cimento para uso na construcao,1,0,SOMENTE SESI,SESI → SENAI
20443702000157,D H F CONSULTORIA E ENGENHARIA LTDA,Maceió,PEQUENO PORTE,Servicos de engenharia,1,0,SOMENTE SESI,SESI → SENAI
39676924000148,DARIO FERNANDES DA SILVA TELECOMUNICACOES,Maceió,MICRO EMPRESA,Servicos de comunicacao multimidia - scm,1,0,SOMENTE SESI,SESI → SENAI
3513308000129,DEKOR ART COMERCIAL LTDA,Maceió,MICRO EMPRESA,"Aparelhamento de placas e execucao de trabalhos em marmore, granito, ardosia e outras pedras",1,0,SOMENTE SESI,SESI → SENAI
40168050000105,DM SINALIZACAO LTDA,Maceió,MICRO EMPRESA,"Fabricacao de letras, letreiros e placas de qualquer material, exceto luminosos",1,0,SOMENTE SESI,SESI → SENAI
29061526000163,DPMC COMERCIO DE AGUA MINERAL LTDA,Maceió,DEMAIS,Fabricacao de aguas envasadas,1,0,SOMENTE SESI,SESI → SENAI
37687070000170,DUNORTT PAES ARTESANAIS LTDA,Maceió,MICRO EMPRESA,Fabricacao de produtos de panificacao industrial,1,0,SOMENTE SESI,SESI → SENAI
21876488000195,E3FIX ENGENHARIA LTDA,Maceió,MICRO EMPRESA,Servicos de engenharia,1,0,SOMENTE SESI,SESI → SENAI
49781482000153,ECO GREEN PLASTICOS LTDA,Maceió,PEQUENO PORTE,Fabricacao de embalagens de material plastico,1,0,SOMENTE SESI,SESI → SENAI
28206503000137,ECOSOLAR ENERGIA E SOLUCOES LTDA,Maceió,PEQUENO PORTE,Instalacao e manutencao eletrica,1,0,SOMENTE SESI,SESI → SENAI
11460923000142,ELETROMECANICA DE ALAGOAS LTDA,Maceió,PEQUENO PORTE,"Manutencao e reparacao de geradores, transformadores e motores eletricos",1,0,SOMENTE SESI,SESI → SENAI
8441909000197,ELVIO OMENA DE LIMA,Maceió,MICRO EMPRESA,Fabricacao de produtos de panificacao industrial,1,0,SOMENTE SESI,SESI → SENAI
10896964000113,ELYT ENGENHARIA ELETRICA LTDA,Maceió,MICRO EMPRESA,Instalacao e manutencao eletrica,1,0,SOMENTE SESI,SESI → SENAI
7678205000170,EMPRETEC CONSTRUCOES LTDA,Maceió,PEQUENO PORTE,Construcao de edificios,1,0,SOMENTE SESI,SESI → SENAI
41157967000169,ENGENHARIA DE MATERIAIS LTDA,Maceió,DEMAIS,Construcao de edificios,1,0,SOMENTE SESI,SESI → SENAI
70014774000157,ENGEQUIP LTDA,Maceió,PEQUENO PORTE,"Fabricacao de maquinas e equipamentos para as industrias de alimentos, bebidas e fumo, pecas e acessorios",1,0,SOMENTE SESI,SESI → SENAI
24480485000126,ENGEQUIP TURBINAS A VAPOR LTDA,Maceió,PEQUENO PORTE,"Fabricacao de maquinas e equipamentos para uso industrial especifico nao especificados anteriormente, pecas e acessorios",1,0,SOMENTE SESI,SESI → SENAI
4663874000180,ENSIMA SOLUCOES AMBIENTAIS E TECNOLOGICAS LTDA,Maceió,MICRO EMPRESA,Servicos de engenharia,1,0,SOMENTE SESI,SESI → SENAI
48878815000102,ESKRIM INDUSTRIA DE SORVETES LTDA,Maceió,DEMAIS,Fabricacao de sorvetes e outros gelados comestiveis,1,0,SOMENTE SESI,SESI → SENAI
40917908000189,ESPACO INDUSTRIA DE MOVEIS E ESQUADRIAS LTDA,Maceió,MICRO EMPRESA,Fabricacao de esquadrias de madeira e de pecas de madeira para instalacoes industriais e comerciais,1,0,SOMENTE SESI,SESI → SENAI
24322398000302,ESPECIARYA INDUSTRIA E COMERCIO LTDA,Maceió,DEMAIS,Fabricacao de produtos de panificacao industrial,1,0,SOMENTE SESI,SESI → SENAI
13805556000105,ESQUADRIAS SERVICOS LTDA,Maceió,MICRO EMPRESA,Fabricacao de esquadrias de metal,1,0,SOMENTE SESI,SESI → SENAI
47886861000182,ESTELAR INDUSTRIA DE ACO LTDA,Maceió,DEMAIS,Fabricacao de produtos de trefilados de metal padronizados,1,0,SOMENTE SESI,SESI → SENAI
7389665000188,F C K CONSTRUCOES E INCORPORACOES LTDA,Maceió,PEQUENO PORTE,Construcao de edificios,1,0,SOMENTE SESI,SESI → SENAI
2914806000110,FAZENDA CAMPINAS LTDA.,Maceió,PEQUENO PORTE,Incorporacao de empreendimentos imobiliarios,1,0,SOMENTE SESI,SESI → SENAI
4869169000214,FERTIAL-FERTILIZANTES DE ALAGOAS LTDA,Maceió,DEMAIS,"Fabricacao de adubos e fertilizantes, exceto organominerais",1,0,SOMENTE SESI,SESI → SENAI
40091298000107,FM 01 EMPREENDIMENTO IMOBILIARIO SPE LTDA,Maceió,MICRO EMPRESA,Incorporacao de empreendimentos imobiliarios,1,0,SOMENTE SESI,SESI → SENAI
40914046000130,FORTEX ENGENHARIA LTDA,Maceió,DEMAIS,Construcao de edificios,1,0,SOMENTE SESI,SESI → SENAI
8805492000102,FRIGOHARD REFRIGERACAO E SERVICOS LTDA,Maceió,MICRO EMPRESA,Fabricacao de gelo comum,1,0,SOMENTE SESI,SESI → SENAI
58304520000178,FRIGORIFICO JCS LTDA,Maceió,PEQUENO PORTE,Fabricacao de produtos de carne,1,0,SOMENTE SESI,SESI → SENAI
6325812000193,FRIO MAXIMO COMERCIO DE PECAS E SERVICOS LTDA,Maceió,MICRO EMPRESA,"Servicos de instalacao, manutencao e reparacao de acessorios para veiculos automotores",1,0,SOMENTE SESI,SESI → SENAI
40924227000148,FUNDIPECAS LTDA,Maceió,PEQUENO PORTE,Fundicao de ferro e aco,1,0,SOMENTE SESI,SESI → SENAI
11371363000150,G G P DA SILVA ENGMAX ENGENHARIA E SERVICOS,Maceió,PEQUENO PORTE,"Manutencao e reparacao de tanques, reservatorios metalicos e caldeiras, exceto para veiculos",1,0,SOMENTE SESI,SESI → SENAI
7675759000113,G M DOS SANTOS PANIFICACAO,Maceió,MICRO EMPRESA,Fabricacao de produtos de padaria e confeitaria com predominancia de producao propria,1,0,SOMENTE SESI,SESI → SENAI
57394985000102,GALVAO CONFEITARIA LTDA.,Maceió,PEQUENO PORTE,Fabricacao de produtos de padaria e confeitaria com predominancia de producao propria,1,0,SOMENTE SESI,SESI → SENAI
69983484000132,GAS DE ALAGOAS S/A ALGAS,Maceió,DEMAIS,Producao de gas; processamento de gas natural,1,0,SOMENTE SESI,SESI → SENAI
35558493000164,GAS SERVICE LTDA,Maceió,MICRO EMPRESA,Servicos de manutencao e reparacao mecanica de veiculos automotores,1,0,SOMENTE SESI,SESI → SENAI
2177802000105,GM AUTO CAPAS AL LTDA,Maceió,PEQUENO PORTE,Servicos de capotaria,1,0,SOMENTE SESI,SESI → SENAI
1243011000165,GRAFICA E EDITORA POLIGRAF LTDA,Maceió,PEQUENO PORTE,"Impressao de livros, revistas e outras publicacoes periodicas",1,0,SOMENTE SESI,SESI → SENAI
1301040000136,GRAFPEL IND GRAFICA LTDA,Maceió,MICRO EMPRESA,Impressao de material para outros usos,1,0,SOMENTE SESI,SESI → SENAI
36123079000195,GREEN PLAST INDUSTRIA E COMERCIO DE EMBALAGENS PLASTICAS LTDA,Maceió,MICRO EMPRESA,Fabricacao de embalagens de material plastico,1,0,SOMENTE SESI,SESI → SENAI
8986384000175,H R CABRAL DE VASCONCELLOS NETO LTDA,Maceió,MICRO EMPRESA,Servicos de operacao e fornecimento de equipamentos para transporte e elevacao de cargas e pessoas para uso em obras,1,0,SOMENTE SESI,SESI → SENAI
692703000128,HABITAR INVESTIMENTOS E INCORPORACOES LTDA,Maceió,MICRO EMPRESA,Construcao de edificios,1,0,SOMENTE SESI,SESI → SENAI
35189044000196,HARCOS EMPREENDIMENTOS IMOBILIARIOS LTDA,Maceió,DEMAIS,Incorporacao de empreendimentos imobiliarios,1,0,SOMENTE SESI,SESI → SENAI
3767250000140,HIDRAMETAL LTDA,Maceió,PEQUENO PORTE,"Fabricacao de equipamentos hidraulicos e pneumaticos, pecas e acessorios, exceto valvulas",1,0,SOMENTE SESI,SESI → SENAI
8435257000188,HIDRO SOLO INDUSTRIA E COMERCIO LTDA,Maceió,DEMAIS,"Fabricacao de equipamentos para irrigacao agricola, pecas e acessorios",1,0,SOMENTE SESI,SESI → SENAI
26391611000100,HOP BROS CERVEJARIA LTDA,Maceió,PEQUENO PORTE,Fabricacao de cervejas e chopes,1,0,SOMENTE SESI,SESI → SENAI
27052087000105,I F DE LIMA CAPOTARIA LTDA,Maceió,MICRO EMPRESA,Servicos de capotaria,1,0,SOMENTE SESI,SESI → SENAI
10831030000101,IBRACON INCORPORACOES E CONSTRUCOES LTDA,Maceió,DEMAIS,Construcao de edificios,1,0,SOMENTE SESI,SESI → SENAI
3418733000139,IGRAMAL INDUSTRIA DE GRANITOS E MARMORES LTDA,Maceió,PEQUENO PORTE,"Aparelhamento de placas e execucao de trabalhos em marmore, granito, ardosia e outras pedras",1,0,SOMENTE SESI,SESI → SENAI
40116333000103,ILHA BELA EMPREENDIMENTO IMOBILIARIO SPE LTDA,Maceió,DEMAIS,Incorporacao de empreendimentos imobiliarios,1,0,SOMENTE SESI,SESI → SENAI
49820150000130,ILLA FELLICIDADE INDUSTRIA DE GELADOS LTDA,Maceió,DEMAIS,Fabricacao de sorvetes e outros gelados comestiveis,1,0,SOMENTE SESI,SESI → SENAI
682642000118,ILUMINA INSTALACOES LTDA,Maceió,PEQUENO PORTE,Instalacao e manutencao eletrica,1,0,SOMENTE SESI,SESI → SENAI
12387890000115,INDUSTRIA E COMERCIO DE BEBIDAS ALAGOANA LTDA,Maceió,PEQUENO PORTE,Fabricacao de refrigerantes,1,0,SOMENTE SESI,SESI → SENAI
11393033000165,INDUSTRIA E COMERCIO DE MASSAS ALIMENTICIAS LTDA,Maceió,MICRO EMPRESA,Fabricacao de produtos de padaria e confeitaria com predominancia de producao propria,1,0,SOMENTE SESI,SESI → SENAI
10803013000152,INDUSTRIA GRAFICA JARAGUA LTDA,Maceió,MICRO EMPRESA,Impressao de material para outros usos,1,0,SOMENTE SESI,SESI → SENAI
54483766000101,INFINITY NET COMUNICACOES LTDA,Maceió,MICRO EMPRESA,Provedores de acesso as redes de comunicacoes,1,0,SOMENTE SESI,SESI → SENAI
11355874000188,INFINNI SERVICOS E COMUNICACAO VISUAL LTDA,Maceió,DEMAIS,Impressao de material para uso publicitario,1,0,SOMENTE SESI,SESI → SENAI
18818196000191,INOVE CONSTRUCOES LTDA,Maceió,PEQUENO PORTE,Construcao de edificios,1,0,SOMENTE SESI,SESI → SENAI
24166316000116,IPLAC INDUSTRIA PLASTICA CAETES LTDA,Maceió,DEMAIS,Fabricacao de artefatos de material plastico para uso pessoal e domestico,1,0,SOMENTE SESI,SESI → SENAI
24166316000205,IPLAC INDUSTRIA PLASTICA CAETES LTDA,Maceió,DEMAIS,Fabricacao de artefatos de material plastico para uso pessoal e domestico,1,0,SOMENTE SESI,SESI → SENAI
719380000119,IT TELECOMUNICACOES LTDA,Maceió,MICRO EMPRESA,Provedores de acesso as redes de comunicacoes,1,0,SOMENTE SESI,SESI → SENAI
2765607000198,J M R FONTAN LTDA,Maceió,MICRO EMPRESA,Fabricacao de bijuterias e artefatos semelhantes,1,0,SOMENTE SESI,SESI → SENAI
21603692000132,J P DA SILVA GREGORIO,Maceió,MICRO EMPRESA,Fabricacao de produtos de padaria e confeitaria com predominancia de producao propria,1,0,SOMENTE SESI,SESI → SENAI
35993367000138,J S SERVICOS E MANUTENCAO EM TURBINAS E CENTRIFUGAS LTDA,Maceió,PEQUENO PORTE,Manutencao e reparacao de maquinas motrizes nao eletricas,1,0,SOMENTE SESI,SESI → SENAI
23784607000105,J V P DA SILVA,Maceió,MICRO EMPRESA,Provedores de acesso as redes de comunicacoes,1,0,SOMENTE SESI,SESI → SENAI
24736262000187,J W P DE GOUVEIA,Maceió,MICRO EMPRESA,Impressao de material para uso publicitario,1,0,SOMENTE SESI,SESI → SENAI
56440114000107,JARAGUA PANIFICACAO LTDA,Maceió,PEQUENO PORTE,Fabricacao de produtos de padaria e confeitaria com predominancia de producao propria,1,0,SOMENTE SESI,SESI → SENAI
3921745000181,JBR PNEUS COMERCIO E SERVICOS LTDA,Maceió,DEMAIS,Servicos de borracharia para veiculos automotores,1,0,SOMENTE SESI,SESI → SENAI
10610031000118,JC CONSTRUCOES E EMPREENDIMENTOS IMOBILIARIOS LTDA - EM RECUPERACAO JUDICIAL,Maceió,PEQUENO PORTE,Administracao de obras,1,0,SOMENTE SESI,SESI → SENAI
17989116000106,JK PERFUMARIA E COSMETICO LTDA,Maceió,MICRO EMPRESA,"Fabricacao de cosmeticos, produtos de perfumaria e de higiene pessoal",1,0,SOMENTE SESI,SESI → SENAI
22556184000103,JNETCOM TECNOLOGIA LTDA,Maceió,PEQUENO PORTE,Servicos de comunicacao multimidia - scm,1,0,SOMENTE SESI,SESI → SENAI
17432875000165,JURACI L DA SILVA PADARIA,Maceió,PEQUENO PORTE,Fabricacao de produtos de padaria e confeitaria com predominancia de producao propria,1,0,SOMENTE SESI,SESI → SENAI
1584452000120,KIFRIOS COMERCIO E INDUSTRIA DE FRIOS LTDA,Maceió,PEQUENO PORTE,Fabricacao de gelo comum,1,0,SOMENTE SESI,SESI → SENAI
18314058000175,L C SILVA CAMISARIA,Maceió,PEQUENO PORTE,"Confeccao de pecas de vestuario, exceto roupas intimas e as confeccionadas sob medida",1,0,SOMENTE SESI,SESI → SENAI
5873960000180,L S MOVEIS LTDA,Maceió,MICRO EMPRESA,Fabricacao de moveis com predominancia de madeira,1,0,SOMENTE SESI,SESI → SENAI
15786439000169,LEMON INDUSTRIAL LTDA,Maceió,PEQUENO PORTE,"Confeccao de roupas profissionais, exceto sob medida",1,0,SOMENTE SESI,SESI → SENAI
19528581000167,LEONARDO FIGUEIREDO GUEDES NOGUEIRA,Maceió,PEQUENO PORTE,"Aparelhamento de placas e execucao de trabalhos em marmore, granito, ardosia e outras pedras",1,0,SOMENTE SESI,SESI → SENAI
17017389000180,LUCIA LIMA BASTOS,Maceió,MICRO EMPRESA,"Fabricacao de acessorios do vestuario, exceto para seguranca e protecao",1,0,SOMENTE SESI,SESI → SENAI
10299764000183,LYRA & SANTOS INDUSTRIA E COMERCIO DE MARMORES E GRANITOS LTDA,Maceió,MICRO EMPRESA,"Aparelhamento de placas e execucao de trabalhos em marmore, granito, ardosia e outras pedras",1,0,SOMENTE SESI,SESI → SENAI
57245460000105,M A BARROS LTDA,Maceió,MICRO EMPRESA,Fabricacao de produtos de padaria e confeitaria com predominancia de producao propria,1,0,SOMENTE SESI,SESI → SENAI
28154598000192,M DE ALMEIDA BARROS LTDA,Maceió,MICRO EMPRESA,Fabricacao de produtos de padaria e confeitaria com predominancia de producao propria,1,0,SOMENTE SESI,SESI → SENAI
59667365000117,M J DOS SANTOS FARDAMENTOS,Maceió,MICRO EMPRESA,"Faccao de pecas do vestuario, exceto roupas intimas",1,0,SOMENTE SESI,SESI → SENAI
21849960000109,M4 PINTURAS LTDA,Maceió,MICRO EMPRESA,Servicos de pintura de edificios em geral,1,0,SOMENTE SESI,SESI → SENAI
3032961000176,MACEIO GOLAS INDUSTRIA TEXTIL LTDA,Maceió,MICRO EMPRESA,"Fabricacao de artigos do vestuario, produzidos em malharias e tricotagens, exceto meias",1,0,SOMENTE SESI,SESI → SENAI
3814734000100,MAGENTA GRAFICA E EDITORA LTDA,Maceió,MICRO EMPRESA,Impressao de material para outros usos,1,0,SOMENTE SESI,SESI → SENAI
5605339000135,MANA PADARIA PREMIUM LTDA,Maceió,MICRO EMPRESA,Fabricacao de produtos de padaria e confeitaria com predominancia de producao propria,1,0,SOMENTE SESI,SESI → SENAI
36515800000192,MANOEL SANCHO VIANA NETO,Maceió,MICRO EMPRESA,Servicos de manutencao e reparacao mecanica de veiculos automotores,1,0,SOMENTE SESI,SESI → SENAI
17003116000187,MARFIM SERVICOS INSTALACAO MANUTENCAO E REPAROS LTDA,Maceió,PEQUENO PORTE,Servicos especializados para construcao nao especificados anteriormente,1,0,SOMENTE SESI,SESI → SENAI
26372008000172,MARINHO & CIA INDUSTRIA DE PLASTICOS LTDA,Maceió,DEMAIS,"Fabricacao de moveis de outros materiais, exceto madeira e metal",1,0,SOMENTE SESI,SESI → SENAI
22503169000105,MARINHO POLIMEROS LTDA,Maceió,MICRO EMPRESA,Fabricacao de resinas termoplasticas,1,0,SOMENTE SESI,SESI → SENAI
24487886000108,MARMOGRAN INDUSTRIA E COMERCIO DE MARMORES E GRANITOS LTDA,Maceió,PEQUENO PORTE,"Aparelhamento de placas e execucao de trabalhos em marmore, granito, ardosia e outras pedras",1,0,SOMENTE SESI,SESI → SENAI
12847606000146,MEGAPLAST INDUSTRIA E COMERCIO DE PLASTICO LTDA,Maceió,PEQUENO PORTE,Fabricacao de artefatos de material plastico para uso pessoal e domestico,1,0,SOMENTE SESI,SESI → SENAI
47298482000171,MF FORMA E FERRAGEM LTDA,Maceió,MICRO EMPRESA,"Instalacao de portas, janelas, tetos, divisorias e armarios embutidos de qualquer material",1,0,SOMENTE SESI,SESI → SENAI
42563290000121,MG ALBUQUERQUE LTDA,Maceió,MICRO EMPRESA,"Fabricacao de estruturas pre moldadas de concreto armado, em serie e sob encomenda",1,0,SOMENTE SESI,SESI → SENAI
78908266001015,MILI S/A,Maceió,DEMAIS,Fabricacao de produtos de papel para uso domestico e higienico sanitario nao especificados anteriormente,1,0,SOMENTE SESI,SESI → SENAI
5977510000137,MINERADORA ALDEBARAN LTDA,Maceió,MICRO EMPRESA,Fabricacao de aguas envasadas,1,0,SOMENTE SESI,SESI → SENAI
20780676000152,MIRANTES DO JEQUIA EMPREENDIMENTOS IMOBILIARIOS LTDA.,Maceió,DEMAIS,Incorporacao de empreendimentos imobiliarios,1,0,SOMENTE SESI,SESI → SENAI
44446309000185,MLFT SILVA LTDA,Maceió,MICRO EMPRESA,Impressao de material para uso publicitario,1,0,SOMENTE SESI,SESI → SENAI
35129163000153,MM GALPOES PRE MOLDADOS LTDA,Maceió,MICRO EMPRESA,Fabricacao de artefatos de cimento para uso na construcao,1,0,SOMENTE SESI,SESI → SENAI
54310658000129,MME CONTRATACOES LTDA,Maceió,MICRO EMPRESA,Construcao de edificios,1,0,SOMENTE SESI,SESI → SENAI
11580144000180,MOOP AMBIENTES PLANEJADOS LTDA,Maceió,PEQUENO PORTE,Fabricacao de moveis com predominancia de madeira,1,0,SOMENTE SESI,SESI → SENAI
43773181000100,MOREIRA NOBRE ENGENHARIA LTDA,Maceió,MICRO EMPRESA,Construcao de edificios,1,0,SOMENTE SESI,SESI → SENAI
7509781000193,MULT CONSTRUCOES LTDA,Maceió,PEQUENO PORTE,Administracao de obras,1,0,SOMENTE SESI,SESI → SENAI
43905483000186,MULTICAIXAS NORDESTE LTDA,Maceió,MICRO EMPRESA,Fabricacao de chapas e de embalagens de papelao ondulado,1,0,SOMENTE SESI,SESI → SENAI
22195075000108,MUNDIAL GRANITOS E MARMORES LTDA,Maceió,MICRO EMPRESA,"Aparelhamento de placas e execucao de trabalhos em marmore, granito, ardosia e outras pedras",1,0,SOMENTE SESI,SESI → SENAI
49645094000145,MUNDO ON TELECOM LTDA,Maceió,MICRO EMPRESA,Servicos de comunicacao multimidia - scm,1,0,SOMENTE SESI,SESI → SENAI
32564136000110,Ma VALDIRLEIDE DOS SANTOS VIEIRA DE ALMEIDA BEBIDAS,Maceió,MICRO EMPRESA,"Fabricacao de sucos concentrados de frutas, hortalicas e legumes",1,0,SOMENTE SESI,SESI → SENAI
48999978000135,N R PEREIRA LTDA,Maceió,MICRO EMPRESA,Fabricacao de artefatos de tanoaria e de embalagens de madeira,1,0,SOMENTE SESI,SESI → SENAI
7196033005590,NORSA REFRIGERANTES S.A,Maceió,DEMAIS,Fabricacao de refrigerantes,1,0,SOMENTE SESI,SESI → SENAI
4735979000105,OMENA E LIMA LTDA,Maceió,MICRO EMPRESA,Fabricacao de produtos de panificacao industrial,1,0,SOMENTE SESI,SESI → SENAI
46757355000120,OPUS MAIS ENGENHARIA LTDA,Maceió,MICRO EMPRESA,Instalacao e manutencao eletrica,1,0,SOMENTE SESI,SESI → SENAI
5972996000110,P D J A DE CARVALHO LTDA,Maceió,PEQUENO PORTE,"Confeccao de roupas profissionais, exceto sob medida",1,0,SOMENTE SESI,SESI → SENAI
1611866000525,P J REFEICOES COLETIVAS LTDA,Maceió,DEMAIS,Fornecimento de alimentos preparados preponderantemente para empresas,1,0,SOMENTE SESI,SESI → SENAI
1611866001092,P J REFEICOES COLETIVAS LTDA,Maceió,DEMAIS,Fornecimento de alimentos preparados preponderantemente para empresas,1,0,SOMENTE SESI,SESI → SENAI
8446312000135,P R A DE CARVALHO,Maceió,PEQUENO PORTE,"Confeccao de roupas profissionais, exceto sob medida",1,0,SOMENTE SESI,SESI → SENAI
43761581000197,PALETERIA ALAGOANA LTDA,Maceió,PEQUENO PORTE,Fabricacao de artefatos de tanoaria e de embalagens de madeira,1,0,SOMENTE SESI,SESI → SENAI
17083095000157,PANETUTTI PANIFICACAO LTDA,Maceió,PEQUENO PORTE,Fabricacao de produtos de padaria e confeitaria com predominancia de producao propria,1,0,SOMENTE SESI,SESI → SENAI
49571914000100,PANIFICACAO A CASA PORTUGUESA LTDA,Maceió,MICRO EMPRESA,Fabricacao de produtos de padaria e confeitaria com predominancia de producao propria,1,0,SOMENTE SESI,SESI → SENAI
34786880000195,PANIFICACAO CASA PORTUGUESA LTDA,Maceió,MICRO EMPRESA,Fabricacao de produtos de padaria e confeitaria com predominancia de producao propria,1,0,SOMENTE SESI,SESI → SENAI
54474453000189,PANIFICACAO E COMERCIO A NASCIMENTO E AGUIAR LTDA,Maceió,PEQUENO PORTE,Fabricacao de produtos de padaria e confeitaria com predominancia de producao propria,1,0,SOMENTE SESI,SESI → SENAI
12312799000130,PANIFICACAO JARAGUA LTDA,Maceió,MICRO EMPRESA,Fabricacao de produtos de padaria e confeitaria com predominancia de producao propria,1,0,SOMENTE SESI,SESI → SENAI
12308631000151,PANIFICACAO MENEZES LTDA,Maceió,MICRO EMPRESA,Fabricacao de produtos de padaria e confeitaria com predominancia de producao propria,1,0,SOMENTE SESI,SESI → SENAI
35741370000164,PANIFICACAO OMENA LTDA,Maceió,MICRO EMPRESA,Fabricacao de produtos de panificacao industrial,1,0,SOMENTE SESI,SESI → SENAI
5693271000193,PANIFICACAO PADRE CICERO LTDA,Maceió,MICRO EMPRESA,Fabricacao de produtos de panificacao industrial,1,0,SOMENTE SESI,SESI → SENAI
20701861000104,PANIFICACAO RIO BRANCO LTDA,Maceió,PEQUENO PORTE,Fabricacao de produtos de padaria e confeitaria com predominancia de producao propria,1,0,SOMENTE SESI,SESI → SENAI
8616161000116,PANIFICACAO SANTA FERNANDA LTDA,Maceió,PEQUENO PORTE,Fabricacao de produtos de padaria e confeitaria com predominancia de producao propria,1,0,SOMENTE SESI,SESI → SENAI
1728967000157,PAO DA ARTE COMERCIO E INDUSTRIA LTDA,Maceió,PEQUENO PORTE,Fabricacao de produtos de padaria e confeitaria com predominancia de producao propria,1,0,SOMENTE SESI,SESI → SENAI
32705707000190,PCHRISTIAN ESTETICA AUTOMOTIVA LTDA,Maceió,MICRO EMPRESA,Servicos de lanternagem ou funilaria e pintura de veiculos automotores,1,0,SOMENTE SESI,SESI → SENAI
21025561000115,PEDROSA & FONTAN PANIFICACAO LTDA,Maceió,MICRO EMPRESA,Fabricacao de produtos de padaria e confeitaria com predominancia de producao propria,1,0,SOMENTE SESI,SESI → SENAI
21025561000204,PEDROSA & FONTAN PANIFICACAO LTDA,Maceió,MICRO EMPRESA,Fabricacao de produtos de padaria e confeitaria com predominancia de producao propria,1,0,SOMENTE SESI,SESI → SENAI
2709449006009,PETROBRAS TRANSPORTE S.A - TRANSPETRO,Maceió,DEMAIS,Transporte dutoviario,1,0,SOMENTE SESI,SESI → SENAI
3951809000510,PETROSYNERGY LTDA,Maceió,DEMAIS,Extracao de petroleo e gas natural,1,0,SOMENTE SESI,SESI → SENAI
10438518000165,PLASFILM COMERCIO E SERVICOS GRAFICOS LTDA,Maceió,MICRO EMPRESA,Impressao de material para outros usos,1,0,SOMENTE SESI,SESI → SENAI
2527858000134,PLASTEC INDUSTRIA E COMERCIO LTDA,Maceió,DEMAIS,Fabricacao de artefatos de material plastico para uso pessoal e domestico,1,0,SOMENTE SESI,SESI → SENAI
14417251000180,PLASTICOS MACEIO INDUSTRIA E COMERCIO LTDA,Maceió,DEMAIS,Fabricacao de embalagens de material plastico,1,0,SOMENTE SESI,SESI → SENAI
9426272000122,PODIUM ENGENHARIA LTDA,Maceió,PEQUENO PORTE,Construcao de edificios,1,0,SOMENTE SESI,SESI → SENAI
50026997000127,PORTAL DAS ROCAS EMPREENDIENTOS SPE LTDA,Maceió,DEMAIS,Incorporacao de empreendimentos imobiliarios,1,0,SOMENTE SESI,SESI → SENAI
10659395000192,PRE-MOLDADOS EMPRESARIAL ALAGOAS LTDA,Maceió,PEQUENO PORTE,"Fabricacao de estruturas pre moldadas de concreto armado, em serie e sob encomenda",1,0,SOMENTE SESI,SESI → SENAI
37546508000108,PREMIUM FIBRA MULTIMIDIA LTDA,Maceió,MICRO EMPRESA,Servicos de comunicacao multimidia - scm,1,0,SOMENTE SESI,SESI → SENAI
35435586000100,PREVENCAR LOCACOES E SERVICOS LTDA,Maceió,MICRO EMPRESA,Servicos de manutencao e reparacao mecanica de veiculos automotores,1,0,SOMENTE SESI,SESI → SENAI
24482648000100,PREVENTIVA CAR INDUSTRIAL LTDA,Maceió,PEQUENO PORTE,Fabricacao de equipamentos de transporte nao especificados anteriormente,1,0,SOMENTE SESI,SESI → SENAI
26238109000155,PRIME SERVICOS AUTOMOTIVOS LTDA,Maceió,MICRO EMPRESA,Servicos de lanternagem ou funilaria e pintura de veiculos automotores,1,0,SOMENTE SESI,SESI → SENAI
2072980000163,PROENGE CONSTRUCOES LTDA,Maceió,DEMAIS,Construcao de edificios,1,0,SOMENTE SESI,SESI → SENAI
50353891000138,PROJETO IMOBILIARIO ISLA SPE LTDA,Maceió,DEMAIS,Construcao de edificios,1,0,SOMENTE SESI,SESI → SENAI
41945663000166,PRORRAC SERVICOS LTDA,Maceió,MICRO EMPRESA,"Servicos de instalacao, manutencao e reparacao de acessorios para veiculos automotores",1,0,SOMENTE SESI,SESI → SENAI
22213186000108,PYSF CONCRETOS E ARGAMASSAS LTDA,Maceió,MICRO EMPRESA,Preparacao de massa de concreto e argamassa para construcao,1,0,SOMENTE SESI,SESI → SENAI
18098211000174,QUALITMAX INDUSTRIA DE ARGAMASSAS E REJUNTES LTDA,Maceió,MICRO EMPRESA,Preparacao de massa de concreto e argamassa para construcao,1,0,SOMENTE SESI,SESI → SENAI
40202622000117,QUEIROZ E AZEVEDO EMPREENDIMENTOS - LTDA,Maceió,DEMAIS,Construcao de edificios,1,0,SOMENTE SESI,SESI → SENAI
17414193000120,R J F DE ALBUQUERQUE CARVALHO LTDA,Maceió,MICRO EMPRESA,"Confeccao de roupas profissionais, exceto sob medida",1,0,SOMENTE SESI,SESI → SENAI
39886750000148,R PONTES 01 EMPREENDIMENTO IMOBILIARIO LTDA,Maceió,DEMAIS,Incorporacao de empreendimentos imobiliarios,1,0,SOMENTE SESI,SESI → SENAI
39886818000199,R PONTES 02 EMPREENDIMENTO IMOBILIARIO SPE LTDA,Maceió,DEMAIS,Incorporacao de empreendimentos imobiliarios,1,0,SOMENTE SESI,SESI → SENAI
11917733000535,R2T TELECOMUNICACOES LTDA,Maceió,DEMAIS,Construcao de estacoes e redes de telecomunicacoes,1,0,SOMENTE SESI,SESI → SENAI
23238400000135,RC PRE-MOLDADOS MASTER LTDA,Maceió,PEQUENO PORTE,Fabricacao de artefatos de cimento para uso na construcao,1,0,SOMENTE SESI,SESI → SENAI
45157243000176,RCL RECICLAGEM LTDA,Maceió,DEMAIS,Fabricacao de artefatos de material plastico para usos industriais,1,0,SOMENTE SESI,SESI → SENAI
31961681000188,RELAMPAGO COMERCIO E SERVICOS LTDA,Maceió,MICRO EMPRESA,Fabricacao de produtos de limpeza e polimento,1,0,SOMENTE SESI,SESI → SENAI
29420703000584,RENOVA ENERGIA E TELECOMUNICACOES LTDA,Maceió,DEMAIS,Construcao de estacoes e redes de telecomunicacoes,1,0,SOMENTE SESI,SESI → SENAI
8840340000132,REPLAST INDUSTRIA E COMERCIO LTDA,Maceió,DEMAIS,Fabricacao de embalagens de material plastico,1,0,SOMENTE SESI,SESI → SENAI
60481718000179,RESIDENCIAL C. ALBUQUERQUE EMPREENDIMENTO IMOBILIARIO SPE LTDA,Maceió,DEMAIS,Incorporacao de empreendimentos imobiliarios,1,0,SOMENTE SESI,SESI → SENAI
24883020000116,ROSILENE DE LIMA MOURA,Maceió,MICRO EMPRESA,"Servicos de instalacao, manutencao e reparacao de acessorios para veiculos automotores",1,0,SOMENTE SESI,SESI → SENAI
15658194000194,RP2 COMERCIO DE PECAS E SERVICOS LTDA,Maceió,MICRO EMPRESA,"Instalacao e manutencao de sistemas centrais de ar condicionado, de ventilacao e refrigeracao",1,0,SOMENTE SESI,SESI → SENAI
38059977000157,RUBI QUALIDADE E LOGISTICA AMBIENTAL LTDA,Maceió,MICRO EMPRESA,Coleta de residuos perigosos,1,0,SOMENTE SESI,SESI → SENAI
58239912000109,RX3 EMPREENDIMENTO IMOBILIARIO SPE LTDA,Maceió,MICRO EMPRESA,Incorporacao de empreendimentos imobiliarios,1,0,SOMENTE SESI,SESI → SENAI
39971284000107,RX3 ENGENHARIA LTDA,Maceió,MICRO EMPRESA,Servicos de engenharia,1,0,SOMENTE SESI,SESI → SENAI
40908832000125,"S G INDUSTRIA, COMERCIO E REPRESENTACOES DE PRODUTOS ALIMENTICIOS LTDA",Maceió,DEMAIS,Fabricacao de outros produtos alimenticios nao especificados anteriormente,1,0,SOMENTE SESI,SESI → SENAI
49515673000173,S GRAF LTDA,Maceió,MICRO EMPRESA,Impressao de material para outros usos,1,0,SOMENTE SESI,SESI → SENAI
21316170000150,SANAMA - SANEAMENTO ALTA MACEIO S/A,Maceió,DEMAIS,Gestao de redes de esgoto,1,0,SOMENTE SESI,SESI → SENAI
39360633000146,SEEO ENGENHARIA E CONSULTORIA LTDA,Maceió,PEQUENO PORTE,Servicos de engenharia,1,0,SOMENTE SESI,SESI → SENAI
33660990000143,SERGIO BALBINO LIRA DA SILVA,Maceió,MICRO EMPRESA,Fabricacao de produtos de panificacao industrial,1,0,SOMENTE SESI,SESI → SENAI
6121325000109,SERQUIP TRATAMENTOS RESIDUOS AL LTDA,Maceió,DEMAIS,Coleta de residuos nao perigosos,1,0,SOMENTE SESI,SESI → SENAI
18035660000173,SERVE ALL INTELIGENCIA LTDA,Maceió,PEQUENO PORTE,Manutencao e reparacao de maquinas e aparelhos de refrigeracao e ventilacao para uso industrial e comercial,1,0,SOMENTE SESI,SESI → SENAI
10597121000116,SHEILA MARCIA HANNEQUIM DEMETRIO MARTINS,Maceió,MICRO EMPRESA,Fornecimento de alimentos preparados preponderantemente para empresas,1,0,SOMENTE SESI,SESI → SENAI
18639497000158,SILVERTEC ENGENHARIA E SERVICOS LTDA.,Maceió,MICRO EMPRESA,Servicos de engenharia,1,0,SOMENTE SESI,SESI → SENAI
30334493000167,SILVIO FEITOZA DA HORA,Maceió,MICRO EMPRESA,Servicos de comunicacao multimidia - scm,1,0,SOMENTE SESI,SESI → SENAI
54430907000110,SITGES EMPREENDIMENTO IMOBILIARIO SPE LTDA,Maceió,DEMAIS,Incorporacao de empreendimentos imobiliarios,1,0,SOMENTE SESI,SESI → SENAI
21525643000129,SOCITEC SERVICOS TECNICOS EM INSTALACOES LTDA,Maceió,PEQUENO PORTE,"Instalacao de portas, janelas, tetos, divisorias e armarios embutidos de qualquer material",1,0,SOMENTE SESI,SESI → SENAI
12517553000103,SOCITEC SOCIEDADE TECNICA EM ESQUADRIAS LTDA,Maceió,PEQUENO PORTE,Fabricacao de esquadrias de metal,1,0,SOMENTE SESI,SESI → SENAI
2751862000181,SOLO INCORPORACOES LTDA,Maceió,PEQUENO PORTE,Construcao de edificios,1,0,SOMENTE SESI,SESI → SENAI
43091153000102,SPE MACEIO AMBIENTAL S/A,Maceió,DEMAIS,Tratamento e disposicao de residuos nao perigosos,1,0,SOMENTE SESI,SESI → SENAI
51022392000120,SSD STUDIO SUPORT DESING E CIA LTDA,Maceió,MICRO EMPRESA,Fabricacao de moveis com predominancia de metal,1,0,SOMENTE SESI,SESI → SENAI
12633133000184,SULCAR LANTERNAGEM E PINTURA LTDA,Maceió,MICRO EMPRESA,Servicos de lanternagem ou funilaria e pintura de veiculos automotores,1,0,SOMENTE SESI,SESI → SENAI
31895963000124,SUPER SPRING INDUSTRIA METALURGICA LTDA,Maceió,PEQUENO PORTE,Fabricacao de outros produtos de metal nao especificados anteriormente,1,0,SOMENTE SESI,SESI → SENAI
26155529000178,SUPERPAVER ASFALTOS LTDA,Maceió,DEMAIS,"Obras de urbanizacao - ruas, pracas e calcadas",1,0,SOMENTE SESI,SESI → SENAI
52673825000170,SUPERPAVER SOLUCOES EM PAVIMENTOS LTDA,Maceió,DEMAIS,Fabricacao de outros produtos de minerais nao metalicos nao especificados anteriormente,1,0,SOMENTE SESI,SESI → SENAI
24751061000159,T Z CONFECCOES LTDA,Maceió,MICRO EMPRESA,"Confeccao de pecas de vestuario, exceto roupas intimas e as confeccionadas sob medida",1,0,SOMENTE SESI,SESI → SENAI
37308375000123,TAMP PLAST INDUSTRIA E COMERCIO DE PLASTICO LTDA,Maceió,DEMAIS,Recuperacao de materiais nao especificados anteriormente,1,0,SOMENTE SESI,SESI → SENAI
8295507000121,TECELAGEM ALAGOANA LTDA,Maceió,MICRO EMPRESA,Fabricacao de artefatos de tapecaria,1,0,SOMENTE SESI,SESI → SENAI
6143647000159,TECHPLAST INDUSTRIA E COMERCIO DE PLASTICOS LTDA,Maceió,DEMAIS,Fabricacao de artefatos de material plastico para uso pessoal e domestico,1,0,SOMENTE SESI,SESI → SENAI
33841727001203,TECNOSONDA S A,Maceió,DEMAIS,Obras de fundacoes,1,0,SOMENTE SESI,SESI → SENAI
14871050000159,TECPECAS DE ALAGOAS LTDA,Maceió,PEQUENO PORTE,Instalacao de maquinas e equipamentos industriais,1,0,SOMENTE SESI,SESI → SENAI
69991214000173,TEMA SERVICOS LTDA,Maceió,MICRO EMPRESA,Atividades de franqueadas do correio nacional,1,0,SOMENTE SESI,SESI → SENAI
10811586000128,TETO PLANEJAMENTO E INCORPORACOES LTDA,Maceió,DEMAIS,Construcao de edificios,1,0,SOMENTE SESI,SESI → SENAI
10472933000135,TEXAS INDUSTRIAL S/A,Maceió,DEMAIS,"Fabricacao de motores e turbinas, pecas e acessorios, exceto para avioes e veiculos rodoviarios",1,0,SOMENTE SESI,SESI → SENAI
30553112000130,THAYSA CAVALCANTE DOS SANTOS LTDA,Maceió,PEQUENO PORTE,Servicos de lanternagem ou funilaria e pintura de veiculos automotores,1,0,SOMENTE SESI,SESI → SENAI
45316850000131,THERMO MACEIO REFRIGERACAO LTDA,Maceió,MICRO EMPRESA,"Servicos de instalacao, manutencao e reparacao de acessorios para veiculos automotores",1,0,SOMENTE SESI,SESI → SENAI
90347840002242,TK ELEVADORES BRASIL LTDA,Maceió,DEMAIS,"Instalacao, manutencao e reparacao de elevadores, escadas e esteiras rolantes",1,0,SOMENTE SESI,SESI → SENAI
1334368000159,ULTRAPLAST IND.E COM.DE SACOLAS PLASTICAS LTDA,Maceió,DEMAIS,Fabricacao de artefatos de material plastico para outros usos nao especificados anteriormente,1,0,SOMENTE SESI,SESI → SENAI
30380199000191,UNAMETAL COMERCIO E SERVICOS LTDA,Maceió,PEQUENO PORTE,Servicos de tratamento e revestimento em metais,1,0,SOMENTE SESI,SESI → SENAI
5550193000178,USIMAN SERVICOS & ENGENHARIA LTDA,Maceió,MICRO EMPRESA,Fabricacao de estruturas metalicas,1,0,SOMENTE SESI,SESI → SENAI
8445132000139,V2 CONSTRUCOES LTDA,Maceió,DEMAIS,Construcao de edificios,1,0,SOMENTE SESI,SESI → SENAI
554672000149,VERA COMERCIO E CONFECCOES LTDA,Maceió,MICRO EMPRESA,"Confeccao de pecas de vestuario, exceto roupas intimas e as confeccionadas sob medida",1,0,SOMENTE SESI,SESI → SENAI
9624655000105,VERDI AMBIENTAL LTDA,Maceió,MICRO EMPRESA,Coleta de residuos nao perigosos,1,0,SOMENTE SESI,SESI → SENAI
9558134000288,VIA AMBIENTAL ENGENHARIA E SERVICOS LTDA,Maceió,DEMAIS,Coleta de residuos nao perigosos,1,0,SOMENTE SESI,SESI → SENAI
34446436000120,VIRTUALNET TELECOMUNICACOES LTDA,Maceió,MICRO EMPRESA,Servicos de comunicacao multimidia - scm,1,0,SOMENTE SESI,SESI → SENAI
24285302000111,VISGUEIRO & MAGALHAES LTDA,Maceió,PEQUENO PORTE,Fabricacao de estruturas metalicas,1,0,SOMENTE SESI,SESI → SENAI
36033147000125,VMN 01 EMPREENDIMENTOS IMOBILIARIOS SPE LTDA,Maceió,DEMAIS,Construcao de edificios,1,0,SOMENTE SESI,SESI → SENAI
44113690000160,VOVO MAZE INDUSTRIA E COMERCIO LTDA,Maceió,PEQUENO PORTE,Moagem e fabricacao de produtos de origem vegetal nao especificados anteriormente,1,0,SOMENTE SESI,SESI → SENAI
8295547000173,WAGNER CABRAL EMPREENDIMENTOS LTDA.,Maceió,DEMAIS,Incorporacao de empreendimentos imobiliarios,1,0,SOMENTE SESI,SESI → SENAI
5417572000194,WW INDUSTRIA MECANICA LTDA,Maceió,PEQUENO PORTE,"Fabricacao de motores e turbinas, pecas e acessorios, exceto para avioes e veiculos rodoviarios",1,0,SOMENTE SESI,SESI → SENAI
92660604014728,YARA BRASIL FERTILIZANTES S/A,Maceió,DEMAIS,"Fabricacao de adubos e fertilizantes, exceto organominerais",1,0,SOMENTE SESI,SESI → SENAI
10325863000192,CLAUDIVALDO BEZERRA LIMA,Major Isidoro,MICRO EMPRESA,Fabricacao de laticinios,1,0,SOMENTE SESI,SESI → SENAI
1596670000185,JOSE SERGIO SILVA MORAIS,Major Isidoro,MICRO EMPRESA,Fabricacao de laticinios,1,0,SOMENTE SESI,SESI → SENAI
47895879000140,JULIANO BARBOSA SILVA,Major Isidoro,PEQUENO PORTE,Fabricacao de laticinios,1,0,SOMENTE SESI,SESI → SENAI
12069166000143,LATICINIO OURO BRANCO LTDA,Major Isidoro,MICRO EMPRESA,Fabricacao de laticinios,1,0,SOMENTE SESI,SESI → SENAI
2833384000159,M N M AMARAL,Major Isidoro,MICRO EMPRESA,Fabricacao de laticinios,1,0,SOMENTE SESI,SESI → SENAI
24937152000183,LAIKOS SOLUCOES EM TELECOMUNICACOES LTDA,Maragogi,MICRO EMPRESA,Servicos de comunicacao multimidia - scm,1,0,SOMENTE SESI,SESI → SENAI
12513140000142,ANCORA TELECOM LTDA,Marechal Deodoro,PEQUENO PORTE,Servicos de comunicacao multimidia - scm,1,0,SOMENTE SESI,SESI → SENAI
5862270000125,CAPE AGUAS NORDESTE INDUSTRIA E COMERCIO LTDA,Marechal Deodoro,DEMAIS,Fabricacao de outros produtos quimicos nao especificados anteriormente,1,0,SOMENTE SESI,SESI → SENAI
13363936000129,DAMASCENO FERREIRA E SILVA COMERCIO DE VIDROS E FORRO LTDA,Marechal Deodoro,PEQUENO PORTE,Fabricacao de esquadrias de metal,1,0,SOMENTE SESI,SESI → SENAI
86981966000334,"ESMALGLASS DO BRASIL - FRITAS, ESMALTES E CORANTES CERAMICOS LTDA",Marechal Deodoro,DEMAIS,"Fabricacao de tintas, vernizes, esmaltes e lacas",1,0,SOMENTE SESI,SESI → SENAI
30861353000147,GIVANILDO PEREIRA DOS SANTOS,Marechal Deodoro,MICRO EMPRESA,Fabricacao de moveis com predominancia de madeira,1,0,SOMENTE SESI,SESI → SENAI
28790078000176,GLOBOMAQ - SERVICOS E EQUIPAMENTOS INDUSTRIAIS LTDA,Marechal Deodoro,MICRO EMPRESA,Manutencao e reparacao de outras maquinas e equipamentos para usos industriais nao especificados anteriormente,1,0,SOMENTE SESI,SESI → SENAI
12164854000192,INDUSTRIA DE CIMENTOS DE ALAGOAS LTDA,Marechal Deodoro,DEMAIS,Fabricacao de cimento,1,0,SOMENTE SESI,SESI → SENAI
10782639000200,INTERLANDIA LIMITADA,Marechal Deodoro,DEMAIS,Fabricacao de produtos de limpeza e polimento,1,0,SOMENTE SESI,SESI → SENAI
54467844000176,ISOMIX INDUSTRIA DE CONCRETOS ESPECIAIS LTDA,Marechal Deodoro,PEQUENO PORTE,Preparacao de massa de concreto e argamassa para construcao,1,0,SOMENTE SESI,SESI → SENAI
29919761000123,K W A INDUSTRIA E COMERCIO DE METAIS LTDA,Marechal Deodoro,DEMAIS,Fundicao de metais nao ferrosos e suas ligas,1,0,SOMENTE SESI,SESI → SENAI
22866960000171,KOD ENGENHARIA LTDA,Marechal Deodoro,PEQUENO PORTE,Servicos de engenharia,1,0,SOMENTE SESI,SESI → SENAI
20058986000168,SORMEL INDUSTRIA DE SORVETES LTDA,Maribondo,MICRO EMPRESA,Fabricacao de sorvetes e outros gelados comestiveis,1,0,SOMENTE SESI,SESI → SENAI
12718011001081,CENTRAL ACUCAREIRA SANTO ANTONIO S A,Matriz de Camaragibe,DEMAIS,Fabricacao de acucar em bruto,1,0,SOMENTE SESI,SESI → SENAI
8995670000105,CERAMICA ESPERANCA LTDA,Matriz de Camaragibe,MICRO EMPRESA,"Fabricacao de artefatos de ceramica e barro cozido para uso na construcao, exceto azulejos e pisos",1,0,SOMENTE SESI,SESI → SENAI
8014225000109,ALBATROZ INDUSTRIA E COMERCIO DE CONFECCOES DE ROUPAS LTDA,Murici,MICRO EMPRESA,Confeccao de roupas intimas,1,0,SOMENTE SESI,SESI → SENAI
5382505000181,"ART-NOR ARATROP NORDESTE INDUSTRIAL, COMERCIAL, IMPORTADORA E EXPORTADORA LTDA.",Murici,DEMAIS,Fabricacao de aditivos de uso industrial,1,0,SOMENTE SESI,SESI → SENAI
8188552000187,INTIMOS INDUSTRIA E COMERCIO DE CONFECCOES DE ROUPAS LTDA,Murici,MICRO EMPRESA,Confeccao de roupas intimas,1,0,SOMENTE SESI,SESI → SENAI
22763714000194,MRS CERVEJA DO NORDESTE LTDA,Murici,PEQUENO PORTE,Fabricacao de cervejas e chopes,1,0,SOMENTE SESI,SESI → SENAI
8013954000140,PADRAO UNIFORMES INDUSTRIA E COMERCIO DE CONFECCOES DE ROUPAS LTDA,Murici,MICRO EMPRESA,Confeccao de roupas intimas,1,0,SOMENTE SESI,SESI → SENAI
18205634000146,VIP SPORTS LTDA,Murici,MICRO EMPRESA,"Confeccao de pecas de vestuario, exceto roupas intimas e as confeccionadas sob medida",1,0,SOMENTE SESI,SESI → SENAI
15392907000110,SUPER CONNECT TELECOM LTDA,Olho d'Água das Flores,PEQUENO PORTE,Provedores de acesso as redes de comunicacoes,1,0,SOMENTE SESI,SESI → SENAI
9168566000100,ADRENALINA NET LTDA,Palmeira dos Índios,PEQUENO PORTE,Provedores de acesso as redes de comunicacoes,1,0,SOMENTE SESI,SESI → SENAI
16811100000138,BELINHA MODAS LTDA,Palmeira dos Índios,MICRO EMPRESA,"Confeccao de pecas de vestuario, exceto roupas intimas e as confeccionadas sob medida",1,0,SOMENTE SESI,SESI → SENAI
3965700000109,COOPERATIVA DE TRABALHO DOS PRODUTORES DO BONIFACIO LTDA,Palmeira dos Índios,DEMAIS,"Fabricacao de farinha de milho e derivados, exceto oleos de milho",1,0,SOMENTE SESI,SESI → SENAI
24470023000128,DENIZ & CIA LTDA,Palmeira dos Índios,MICRO EMPRESA,"Confeccao, sob medida, de pecas do vestuario, exceto roupas intimas",1,0,SOMENTE SESI,SESI → SENAI
45587682000119,E O DE LUCENA JUNIOR,Palmeira dos Índios,MICRO EMPRESA,Servicos de comunicacao multimidia - scm,1,0,SOMENTE SESI,SESI → SENAI
9342379000192,INDUSTRIA DE LATICINIOS PALMEIRA DOS INDIOS S/A ILPISA - EM RECUPERACAO JUDICIAL,Palmeira dos Índios,DEMAIS,Preparacao do leite,1,0,SOMENTE SESI,SESI → SENAI
818307000102,J M DELGADO JUNIOR,Palmeira dos Índios,MICRO EMPRESA,Faccao de roupas profissionais,1,0,SOMENTE SESI,SESI → SENAI
61124250000128,M DE CACIA DA SILVA GOES LTDA,Palmeira dos Índios,MICRO EMPRESA,Fornecimento de alimentos preparados preponderantemente para empresas,1,0,SOMENTE SESI,SESI → SENAI
10415021000121,MARTA ARAUJO SAMPAIO PADILHA,Palmeira dos Índios,MICRO EMPRESA,Fabricacao de produtos de padaria e confeitaria com predominancia de producao propria,1,0,SOMENTE SESI,SESI → SENAI
10238512000144,PROFIBER TELECOM LTDA,Palmeira dos Índios,MICRO EMPRESA,Servicos de comunicacao multimidia - scm,1,0,SOMENTE SESI,SESI → SENAI
3022327000152,ROSANGELA ARAUJO BRANDAO NASCIMENTO,Palmeira dos Índios,MICRO EMPRESA,Fornecimento de alimentos preparados preponderantemente para empresas,1,0,SOMENTE SESI,SESI → SENAI
24251530000170,TAVARES E BARROS LTDA,Palmeira dos Índios,MICRO EMPRESA,Fabricacao de produtos de padaria e confeitaria com predominancia de producao propria,1,0,SOMENTE SESI,SESI → SENAI
9158215000100,ANA MARIA DA R. SILVA PANIFICACAO LTDA,Paripueira,MICRO EMPRESA,Fabricacao de produtos de padaria e confeitaria com predominancia de producao propria,1,0,SOMENTE SESI,SESI → SENAI
58613414000176,BATISTA SERVICOS DE TELECOMUNICACAO LTDA,Paripueira,MICRO EMPRESA,Servicos de comunicacao multimidia - scm,1,0,SOMENTE SESI,SESI → SENAI
41012181000153,NORDESTE FABRICACAO DE ARTEFATOS CERAMICOS LTDA.,Passo de Camaragibe,PEQUENO PORTE,"Fabricacao de artefatos de ceramica e barro cozido para uso na construcao, exceto azulejos e pisos",1,0,SOMENTE SESI,SESI → SENAI
9622027000190,AGLAY M C VIANA PANIFICACAO,Penedo,MICRO EMPRESA,Fabricacao de produtos de padaria e confeitaria com predominancia de producao propria,1,0,SOMENTE SESI,SESI → SENAI
3246173000182,BISCOITO CASEIRO D' LICIA LTDA,Penedo,PEQUENO PORTE,Fabricacao de biscoitos e bolachas,1,0,SOMENTE SESI,SESI → SENAI
12382008000149,PENEDO AGRO INDUSTRIAL S/A - EM RECUPERACAO JUDICIAL,Penedo,DEMAIS,Fabricacao de acucar em bruto,1,0,SOMENTE SESI,SESI → SENAI
7510298000129,"UNIPESCA-PRODUCAO, INDUSTRIA & COMERCIO DE PESCADOS LTDA",Piaçabuçu,PEQUENO PORTE,"Fabricacao de conservas de peixes, crustaceos e moluscos",1,0,SOMENTE SESI,SESI → SENAI
16982376000189,ALAGOAS AMBIENTAL S/A,Pilar,DEMAIS,Tratamento e disposicao de residuos nao perigosos,1,0,SOMENTE SESI,SESI → SENAI
21315683000146,LAGES ALBUQUERQUE AGROPECUARIA LTDA.,Pilar,PEQUENO PORTE,Fabricacao de laticinios,1,0,SOMENTE SESI,SESI → SENAI
10485700000843,M H SERVICOS LTDA,Pilar,MICRO EMPRESA,Fornecimento de alimentos preparados preponderantemente para empresas,1,0,SOMENTE SESI,SESI → SENAI
10485700001068,M H SERVICOS LTDA,Pilar,MICRO EMPRESA,Fornecimento de alimentos preparados preponderantemente para empresas,1,0,SOMENTE SESI,SESI → SENAI
32021201000919,ORIGEM ENERGIA S.A,Pilar,DEMAIS,Producao de gas; processamento de gas natural,1,0,SOMENTE SESI,SESI → SENAI
15126451001623,PERBRAS EMPRESA BRASILEIRA DE PERFURACOES LTDA,Pilar,DEMAIS,Atividades de apoio a extracao de petroleo e gas natural,1,0,SOMENTE SESI,SESI → SENAI
5158542000291,CENTRAL ACUCAREIRA USINA SANTA MARIA S/A - EM RECUPERACAO JUDICIAL,Porto Calvo,DEMAIS,Fabricacao de acucar em bruto,1,0,SOMENTE SESI,SESI → SENAI
28333798000102,CERAMICA LIDER LTDA,Porto Calvo,MICRO EMPRESA,"Fabricacao de artefatos de ceramica e barro cozido para uso na construcao, exceto azulejos e pisos",1,0,SOMENTE SESI,SESI → SENAI
59184633000140,NOVA CERAMICA LTDA,Porto Calvo,MICRO EMPRESA,"Fabricacao de artefatos de ceramica e barro cozido para uso na construcao, exceto azulejos e pisos",1,0,SOMENTE SESI,SESI → SENAI
36359686000310,"LE MIX BRASIL PREPARACAO DE MASSA, ARGAMASSA E CONCRETO LTDA",Porto de Pedras,DEMAIS,Preparacao de massa de concreto e argamassa para construcao,1,0,SOMENTE SESI,SESI → SENAI
17633171000150,GERALDO PASSOS LIMA NETO COMERCIO DE GENEROS ALIMENTICIOS LTDA,Quebrangulo,MICRO EMPRESA,Fabricacao de conservas de frutas,1,0,SOMENTE SESI,SESI → SENAI
24937152000345,LAIKOS SOLUCOES EM TELECOMUNICACOES LTDA,Quebrangulo,MICRO EMPRESA,Servicos de comunicacao multimidia - scm,1,0,SOMENTE SESI,SESI → SENAI
10832008000178,ART MOVEIS IND E COMERCIO LTDA,Rio Largo,MICRO EMPRESA,Fabricacao de moveis com predominancia de madeira,1,0,SOMENTE SESI,SESI → SENAI
562968000101,BRITEX MINERACOES LTDA,Rio Largo,DEMAIS,Extracao e britamento de pedras e outros materiais para construcao e beneficiamento associado,1,0,SOMENTE SESI,SESI → SENAI
43894935000171,CARDAN ALAGOAS SERVICOS LTDA,Rio Largo,PEQUENO PORTE,Servicos de manutencao e reparacao mecanica de veiculos automotores,1,0,SOMENTE SESI,SESI → SENAI
52682336000185,FAMEC AUTO CENTER LTDA,Rio Largo,MICRO EMPRESA,Servicos de manutencao e reparacao mecanica de veiculos automotores,1,0,SOMENTE SESI,SESI → SENAI
58257752000112,JOMEC CENTRO AUTOMOTIVO LTDA,Rio Largo,MICRO EMPRESA,Servicos de manutencao e reparacao mecanica de veiculos automotores,1,0,SOMENTE SESI,SESI → SENAI
34567306000146,NORDESTE MAIS ALIMENTOS LTDA,Rio Largo,DEMAIS,Moagem e fabricacao de produtos de origem vegetal nao especificados anteriormente,1,0,SOMENTE SESI,SESI → SENAI
390664000104,OITICICA INDUSTRIAL E COMERCIAL LTDA,Rio Largo,DEMAIS,Fabricacao de aguas envasadas,1,0,SOMENTE SESI,SESI → SENAI
17929081000101,REGINALDO LYRA DA SILVA,Rio Largo,MICRO EMPRESA,Servicos de comunicacao multimidia - scm,1,0,SOMENTE SESI,SESI → SENAI
9259936000106,SERVIMEC SERVICOS MECANICOS E ELETRICOS LTDA,Rio Largo,PEQUENO PORTE,Manutencao e reparacao de veiculos ferroviarios,1,0,SOMENTE SESI,SESI → SENAI
5211421000185,UNIPOCOS E USINAGEM LTDA,Rio Largo,PEQUENO PORTE,Perfuracao e construcao de pocos de agua,1,0,SOMENTE SESI,SESI → SENAI
33689828000158,VITOR FERRO PRADINES DE MENDONCA,Rio Largo,MICRO EMPRESA,"Recuperacao de materiais metalicos, exceto aluminio",1,0,SOMENTE SESI,SESI → SENAI
18548838000180,R R FERRAZ LTDA,Santa Luzia do Norte,PEQUENO PORTE,Abate de aves,1,0,SOMENTE SESI,SESI → SENAI
11248065000177,FALCAO & SILVA LTDA,Santana do Ipanema,MICRO EMPRESA,"Aparelhamento de placas e execucao de trabalhos em marmore, granito, ardosia e outras pedras",1,0,SOMENTE SESI,SESI → SENAI
35372432000108,FRANCISCO ROBERVAL SOARES RIBEIRO,Santana do Ipanema,MICRO EMPRESA,"Confeccao, sob medida, de pecas do vestuario, exceto roupas intimas",1,0,SOMENTE SESI,SESI → SENAI
45374855000110,H J INDUSTRIA DE ESQUADRIAS LTDA,Santana do Ipanema,MICRO EMPRESA,Fabricacao de esquadrias de metal,1,0,SOMENTE SESI,SESI → SENAI
20999111000160,JA CONSTRUCOES E INCORPORACOES LTDA,Santana do Ipanema,PEQUENO PORTE,Construcao de edificios,1,0,SOMENTE SESI,SESI → SENAI
39844073000103,LAN NET LTDA,Santana do Ipanema,MICRO EMPRESA,Provedores de acesso as redes de comunicacoes,1,0,SOMENTE SESI,SESI → SENAI
12199121000193,MAFRIAL - MATADOURO FRIGORIFICO DE ALAGOAS LTDA,Satuba,PEQUENO PORTE,Frigorifico - abate de bovinos,1,0,SOMENTE SESI,SESI → SENAI
52737644000160,E M DUARTE LATICINIOS LTDA,São José da Tapera,MICRO EMPRESA,Fabricacao de laticinios,1,0,SOMENTE SESI,SESI → SENAI
13808130000288,BIOFLEX AGROINDUSTRIAL S.A.,São Miguel dos Campos,DEMAIS,Fabricacao de alcool,1,0,SOMENTE SESI,SESI → SENAI
47911849000180,CARDAN SAO MIGUEL SERVICOS LTDA,São Miguel dos Campos,MICRO EMPRESA,Servicos de manutencao e reparacao mecanica de veiculos automotores,1,0,SOMENTE SESI,SESI → SENAI
47839082000126,"CORTE FABRIL, FARDAMENTOS CORPORATIVOS E ESCOLARES LTDA",São Miguel dos Campos,MICRO EMPRESA,"Confeccao, sob medida, de roupas profissionais",1,0,SOMENTE SESI,SESI → SENAI
10412434000233,EMSERCOL - EMPRESA SERGIPANA DE CONTRUCAO E LIMPEZA LTDA,São Miguel dos Campos,MICRO EMPRESA,Construcao de edificios,1,0,SOMENTE SESI,SESI → SENAI
49795483000157,FIAH INDUSTRIA LTDA,São Miguel dos Campos,PEQUENO PORTE,Fabricacao de artefatos texteis para uso domestico,1,0,SOMENTE SESI,SESI → SENAI
45417851000172,FLOR DE MURICI INDUSTRIA E COMERCIO DE CONFECCAO LTDA,São Miguel dos Campos,MICRO EMPRESA,Confeccao de roupas intimas,1,0,SOMENTE SESI,SESI → SENAI
34975251000103,L L ALVES LTDA,São Miguel dos Campos,PEQUENO PORTE,Servicos especializados para construcao nao especificados anteriormente,1,0,SOMENTE SESI,SESI → SENAI
10485700000924,M H SERVICOS LTDA,São Miguel dos Campos,MICRO EMPRESA,Fornecimento de alimentos preparados preponderantemente para empresas,1,0,SOMENTE SESI,SESI → SENAI
10485700001220,M H SERVICOS LTDA,São Miguel dos Campos,MICRO EMPRESA,Fornecimento de alimentos preparados preponderantemente para empresas,1,0,SOMENTE SESI,SESI → SENAI
32021201000757,ORIGEM ENERGIA S.A,São Miguel dos Campos,DEMAIS,Extracao de petroleo e gas natural,1,0,SOMENTE SESI,SESI → SENAI
11901336000141,W P DE CARVALHO SANTOS LTDA,São Miguel dos Campos,PEQUENO PORTE,"Manutencao e reparacao de maquinas, aparelhos e materiais eletricos nao especificados anteriormente",1,0,SOMENTE SESI,SESI → SENAI
40269650000151,DONENA NUTRICAO ANIMAL LTDA,Taquarana,MICRO EMPRESA,Fabricacao de alimentos para animais,1,0,SOMENTE SESI,SESI → SENAI
51737210000106,SANUVE ENGENHARIA LTDA,Taquarana,PEQUENO PORTE,Servicos de engenharia,1,0,SOMENTE SESI,SESI → SENAI
75784140000873,AMAFIL INDUSTRIA E COMERCIO DE ALIMENTOS LTDA,Teotônio Vilela,DEMAIS,Fabricacao de farinha de mandioca e derivados,1,0,SOMENTE SESI,SESI → SENAI
36401945000162,MAG ENGENHARIA LTDA,Teotônio Vilela,MICRO EMPRESA,"Manutencao e reparacao de tanques, reservatorios metalicos e caldeiras, exceto para veiculos",1,0,SOMENTE SESI,SESI → SENAI
35793336000133,DANILO GOMES DA SILVA,Água Branca,MICRO EMPRESA,Servicos de comunicacao multimidia - scm,1,0,SOMENTE SESI,SESI → SENAI
