CNPJ,RazaoSocial_relacionamento,COBERTURA,Porte_relacionamento,CNAE_relacionamento,razao_social_receita,situacao_cadastral,data_situacao_cadastral,municipio_receita,uf_receita,cnae_fiscal_codigo,cnae_fiscal_descricao,erro,classificacao
361941000150,Albuquerque Engenharia Ltda,SESI,2.Média,Construção de edifícios,ALBUQUERQUE ENGENHARIA LTDA,ATIVA,2005-11-03,RECIFE,PE,4120400.0,Construção de edifícios,,ATIVA_OUTRA_UF
598187000177,Inove Engenharia Termica Ltda,SESI,3.Pequena,"Instalação e manutenção de sistemas centrais de ar condicionado, de ventilação e refrigeração",INOVE ENGENHARIA TERMICA LTDA,ATIVA,2001-03-23,SALVADOR,BA,4322302.0,"Instalação e manutenção de sistemas centrais de ar condicionado, de ventilação e refrigeração",,ATIVA_OUTRA_UF
930087000104,Prener Engenharia Ltda,SESI,3.Pequena,Construção de estações e redes de distribuição de energia elétrica,PRENER ENERGIA E INFRAESTRUTURA LTDA,ATIVA,2018-12-06,JOAO PESSOA,PB,4221902.0,Construção de estações e redes de distribuição de energia elétrica,,ATIVA_OUTRA_UF
961032000153,Multbox Esquadrias De Aluminio Ltda,SESI,3.Pequena,Fabricação de esquadrias de metal,MULTBOX ESQUADRIAS DE ALUMINIO LTDA,ATIVA,2005-11-03,ARAPIRACA,AL,2512800.0,Fabricação de esquadrias de metal,,ATIVA_AL
1528374000147,Engie Solucoes De Operacao E Manutencao Ltda.,SESI,1.Grande,Serviços de engenharia,ENGIE SOLUCOES DE OPERACAO E MANUTENCAO LTDA.,ATIVA,1999-12-24,RIO DE JANEIRO,RJ,7112000.0,Serviços de engenharia,,ATIVA_OUTRA_UF
1637895000132,Votorantim Cimentos S.a.,SESI,1.Grande,Fabricação de cimento,VOTORANTIM CIMENTOS S.A.,ATIVA,2000-04-03,SAO PAULO,SP,2320600.0,Fabricação de cimento,,ATIVA_OUTRA_UF
1899414000167,Mecbrun-industria E Comercio Ltda,SESI,3.Pequena,Fabricação de obras de caldeiraria pesada,MECBRUN INDUSTRIA E COMERCIO LTDA,ATIVA,2005-11-03,PEDRO LEOPOLDO,MG,2513600.0,Fabricação de obras de caldeiraria pesada,,ATIVA_OUTRA_UF
2867678000100,Nip Global Ltda,SESI,2.Média,Serviços de engenharia,NIP GLOBAL LTDA,ATIVA,2001-02-25,VITORIA,ES,7112000.0,Serviços de engenharia,,ATIVA_OUTRA_UF
3396460000179,Industria Parisom Ltda,SESI,4.Micro,"Fabricação de artigos para viagem, bolsas e semelhantes de qualquer material",INDUSTRIA PARISOM LTDA,INAPTA,2026-05-26,MACEIO,AL,1521100.0,"Fabricação de artigos para viagem, bolsas e semelhantes de qualquer material",,NAO_ATIVA
3746272000123,Sian Engenharia Ltda,SESI,3.Pequena,Construção de edifícios,SIAN ENGENHARIA LTDA,ATIVA,,SALVADOR,BA,4120400.0,Construção de edifícios,,ATIVA_OUTRA_UF
3975548000145,Hidroenergia Engenharia E Automacao Ltda,SESI,4.Micro,Fabricação de aparelhos e equipamentos para distribuição e controle de energia elétrica,HIDROENERGIA ENGENHARIA E AUTOMACAO LTDA,ATIVA,,IJUI,RS,2731700.0,Fabricação de aparelhos e equipamentos para distribuição e controle de energia elétrica,,ATIVA_OUTRA_UF
4638833000133,E2ps Engenharia E Equipamentos Industriais Ltda,SESI,2.Média,"Fabricação de máquinas e equipamentos para as indústrias de alimentos, bebidas e fumo, peças e acessórios",E2PS ENGENHARIA E EQUIPAMENTOS INDUSTRIAIS LTDA,ATIVA,2005-08-27,CAMPO BOM,RS,2862300.0,"Fabricação de máquinas e equipamentos para as indústrias de alimentos, bebidas e fumo, peças e acessórios",,ATIVA_OUTRA_UF
5623256000179,Inside Sistemas Ltda,SESI,2.Média,Desenvolvimento e licenciamento de programas de computador não-customizáveis,INSIDE SISTEMAS LTDA,ATIVA,2004-01-17,TOLEDO,PR,6203100.0,Desenvolvimento e licenciamento de programas de computador não-customizáveis,,ATIVA_OUTRA_UF
6043133000121,Gentil Aurelio Rodrigues,SESI,4.Micro,Obras de acabamento em gesso e estuque,GENTIL AURELIO RODRIGUES,ATIVA,2003-12-22,NATAL,RN,4330403.0,Obras de acabamento em gesso e estuque,,ATIVA_OUTRA_UF
6964752000159,P3 Engenharia Eletrica Ltda,SESI,2.Média,Serviços de engenharia,P3 ENGENHARIA ELETRICA LTDA,ATIVA,,INDAIAL,SC,7112000.0,Serviços de engenharia,,ATIVA_OUTRA_UF
8183359000153,Prodiet Nutricao Clinica S.a,SESI,2.Média,Fabricação de outros produtos alimentícios não especificados anteriormente,PRODIET NUTRICAO CLINICA S.A,ATIVA,2006-06-12,CURITIBA,PR,1099699.0,Fabricação de outros produtos alimentícios não especificados anteriormente,,ATIVA_OUTRA_UF
8413825000140,Pimentel Lopes Engenharia E Arquitetura Ltda,SESI,3.Pequena,Serviços de engenharia,PIMENTEL LOPES ENGENHARIA E ARQUITETURA LTDA,SUSPENSA,2025-12-22,MACEIO,AL,7112000.0,Serviços de engenharia,,NAO_ATIVA
8467115000100,Companhia Estadual De Distribuicao De Energia Eletrica - Ceee-d,SESI,3.Pequena,Distribuição de energia elétrica,COMPANHIA ESTADUAL DE DISTRIBUICAO DE ENERGIA ELETRICA - CEEE-D,ATIVA,2006-11-28,PORTO ALEGRE,RS,3514000.0,Distribuição de energia elétrica,,ATIVA_OUTRA_UF
8507416000102,Tmk Servicos E Montagens Ltda,SESI,4.Micro,Construção de estações e redes de distribuição de energia elétrica,TMK SERVICOS E MONTAGENS LTDA,ATIVA,2006-12-01,SERRA,ES,4221902.0,Construção de estações e redes de distribuição de energia elétrica,,ATIVA_OUTRA_UF
8862530000150,Tigre Materiais E Solucoes Para Construcao Ltda.,SESI,1.Grande,Fabricação de tubos e acessórios de material plástico para uso na construção,TIGRE MATERIAIS E SOLUCOES PARA CONSTRUCAO LTDA.,ATIVA,2007-06-04,JOINVILLE,SC,2223400.0,Fabricação de tubos e acessórios de material plástico para uso na construção,,ATIVA_OUTRA_UF
9473889000107,Trusty Servicos E Comercio Ltda,SESI,4.Micro,Perfurações e sondagens,TRUSTY SERVICOS E COMERCIO LTDA,ATIVA,2008-02-20,COTIA,SP,4312600.0,Perfurações e sondagens,,ATIVA_OUTRA_UF
10412434000152,Emsercol - Empresa Sergipana De Contrucao E Limpeza Ltda,SESI,2.Média,Construção de edifícios,EMSERCOL - EMPRESA SERGIPANA DE CONTRUCAO E LIMPEZA LTDA,ATIVA,2008-10-13,FREI PAULO,SE,7112000.0,Serviços de engenharia,,ATIVA_OUTRA_UF
10655727000160,Messtechnik Industria E Comercio Ltda,SESI,2.Média,"Fabricação de aparelhos e equipamentos de medida, teste e controle",MESSTECHNIK INDUSTRIA E COMERCIO LTDA,ATIVA,2009-02-11,CHAPECO,SC,2651500.0,"Fabricação de aparelhos e equipamentos de medida, teste e controle",,ATIVA_OUTRA_UF
10729398000155,W M - Manutencao Industrial Ltda,SESI,4.Micro,Manutenção e reparação de outras máquinas e equipamentos para usos industriais não especificados anteriormente,W M - MANUTENCAO INDUSTRIAL LTDA,ATIVA,2009-03-27,ITAU DE MINAS,MG,3314799.0,Manutenção e reparação de outras máquinas e equipamentos para usos industriais não especificados anteriormente,,ATIVA_OUTRA_UF
10793958000130,Industria E Comercio De Gelo Ltda,SESI,3.Pequena,Fabricação de gelo comum,INDUSTRIA E COMERCIO DE GELO LTDA,ATIVA,2005-11-03,MACEIO,AL,311601.0,Pesca de peixes em água salgada,,ATIVA_AL
10795557000110,Aloisio De Oliveira Silva,SESI,4.Micro,FABRICAÇÃO DE PRODUTOS DE PANIFICAÇÃO INDUSTRIAL,ALOISIO DE OLIVEIRA SILVA,INAPTA,2026-05-26,MACEIO,AL,1091102.0,Fabricação de produtos de padaria e confeitaria com predominância de produção própria,,NAO_ATIVA
11512944000164,Faab Engenharia Ltda,SESI,2.Média,Construção de estações e redes de distribuição de energia elétrica,FAAB ENGENHARIA LTDA,ATIVA,2005-11-03,RECIFE,PE,4221902.0,Construção de estações e redes de distribuição de energia elétrica,,ATIVA_OUTRA_UF
11838337000199,R. P. M. Da Silva Ferreira,SESI,4.Micro,"Serviços de instalação, manutenção e reparação de acessórios para veículos automotores",R. P. M. DA SILVA FERREIRA,BAIXADA,2025-04-25,ARAPIRACA,AL,4520007.0,"Serviços de instalação, manutenção e reparação de acessórios para veículos automotores",,NAO_ATIVA
11917733000101,R2t Telecomunicacoes Ltda,SESI,3.Pequena,Construção de estações e redes de telecomunicações,R2T TELECOMUNICACOES LTDA,ATIVA,2010-05-07,SALVADOR,BA,4221904.0,Construção de estações e redes de telecomunicações,,ATIVA_OUTRA_UF
12150025000150,Ferro E Costa Ltda,SESI,4.Micro,FABRICAÇÃO DE PRODUTOS DE PANIFICAÇÃO INDUSTRIAL,FERRO E COSTA LTDA,BAIXADA,2026-02-25,ANADIA,AL,1091102.0,Fabricação de produtos de padaria e confeitaria com predominância de produção própria,,NAO_ATIVA
12312799000211,Panificacao Jaragua Ltda,SESI,4.Micro,FABRICAÇÃO DE PRODUTOS DE PANIFICAÇÃO INDUSTRIAL,PANIFICACAO JARAGUA LTDA,ATIVA,2026-05-08,MACEIO,AL,1091102.0,Fabricação de produtos de padaria e confeitaria com predominância de produção própria,,ATIVA_AL
13256673000159,Smartway Comercio E Servicos Ltda,SESI,4.Micro,Impressão de material para outros usos,SMARTWAY COMERCIO E SERVICOS LTDA,ATIVA,2011-02-15,PORTO ALEGRE,RS,1813099.0,Impressão de material para outros usos,,ATIVA_OUTRA_UF
13743821000160,J J Balbino Da Silva  Ltda,SESI,4.Micro,Instalação e manutenção elétrica,J J BALBINO DA SILVA LTDA,BAIXADA,2026-04-07,ARAPIRACA,AL,4321500.0,Instalação e manutenção elétrica,,NAO_ATIVA
14613816000103,J L F F Construcoes E Servicos Ltda,SESI,4.Micro,Construção de instalações esportivas e recreativas,J L F F CONSTRUCOES E SERVICOS LTDA,BAIXADA,2026-04-30,MACEIO,AL,4299501.0,Construção de instalações esportivas e recreativas,,NAO_ATIVA
14798740000120,Acessoline Telecomunicacoes Ltda,SESI,2.Média,Serviços de comunicação multimídia - SCM,ACESSOLINE TELECOMUNICACOES LTDA,ATIVA,2011-12-23,CACADOR,SC,6110803.0,Serviços de comunicação multimídia - SCM,,ATIVA_OUTRA_UF
16599987000142,Applus Qualitec Servicos De Engenharia Ltda,SESI,4.Micro,Serviços de engenharia,APPLUS QUALITEC SERVICOS DE ENGENHARIA LTDA,ATIVA,2005-11-03,IBIRITE,MG,7112000.0,Serviços de engenharia,,ATIVA_OUTRA_UF
18078551000133,Tecflan Servicos Industriais Ltda,SESI,4.Micro,Manutenção e reparação de equipamentos e produtos não especificados anteriormente,TECFLAN SERVICOS INDUSTRIAIS LTDA,ATIVA,2022-07-04,CAMACARI,BA,3319800.0,Manutenção e reparação de equipamentos e produtos não especificados anteriormente,,ATIVA_OUTRA_UF
18985898000160,Prime Solucoes Industriais Ltda,SESI,2.Média,Instalação de máquinas e equipamentos industriais,PRIME SOLUCOES INDUSTRIAIS LTDA,ATIVA,2013-10-01,CHAPECO,SC,3321000.0,Instalação de máquinas e equipamentos industriais,,ATIVA_OUTRA_UF
19284040000130,Klin Engenharia E Gestao Ambiental Ltda,SESI,3.Pequena,Descontaminação e outros serviços de gestão de resíduos,KLIN ENGENHARIA E GESTAO AMBIENTAL LTDA,ATIVA,2013-11-20,SALVADOR,BA,3900500.0,Descontaminação e outros serviços de gestão de resíduos,,ATIVA_OUTRA_UF
19427410000141,Sora Alimentos Ltda,SESI,4.Micro,Moagem e fabricação de produtos de origem vegetal não especificados anteriormente,SORA ALIMENTOS LTDA,ATIVA,2013-12-18,SALVADOR,BA,1069400.0,Moagem e fabricação de produtos de origem vegetal não especificados anteriormente,,ATIVA_OUTRA_UF
20293552000142,Ellca 2 Servicos & Locacoes Ltda,SESI,2.Média,Instalação e manutenção elétrica,ELLCA 2 SERVICOS & LOCACOES LTDA,ATIVA,2014-05-21,RIO DE JANEIRO,RJ,4321500.0,Instalação e manutenção elétrica,,ATIVA_OUTRA_UF
20645520000169,Fm2c Servicos De Manutencao Ltda,SESI,3.Pequena,Instalação e manutenção elétrica,FM2C SERVICOS DE MANUTENCAO LTDA,ATIVA,2014-07-16,CAMPINAS,SP,4321500.0,Instalação e manutenção elétrica,,ATIVA_OUTRA_UF
20792878000114,Eletroblu Sistemas Eletricos Ltda,SESI,2.Média,Instalação e manutenção elétrica,ELETROBLU SISTEMAS ELETRICOS LTDA,ATIVA,2014-08-06,INDAIAL,SC,4321500.0,Instalação e manutenção elétrica,,ATIVA_OUTRA_UF
23499339000180,Beeva Industria Comercio E Exportacao De Mel E Derivados S/a,SESI,3.Pequena,Fabricação de outros produtos alimentícios não especificados anteriormente,BEEVA INDUSTRIA COMERCIO E EXPORTACAO DE MEL E DERIVADOS S/A,ATIVA,2015-10-20,MARECHAL DEODORO,AL,4637199.0,Comércio atacadista especializado em outros produtos alimentícios não especificados anteriormente,,ATIVA_AL
23524040000138,Braspowertech Solucoes Tecnologicas Ltda,SESI,4.Micro,"Fabricação de aparelhos e equipamentos de medida, teste e controle",BRASPOWERTECH SOLUCOES TECNOLOGICAS LTDA,ATIVA,2015-10-12,SAO CARLOS,SP,2651500.0,"Fabricação de aparelhos e equipamentos de medida, teste e controle",,ATIVA_OUTRA_UF
23720921000124,Stx Energia Ltda,SESI,3.Pequena,Serviços de engenharia,STX ENERGIA LTDA,ATIVA,2015-11-18,RIO DE JANEIRO,RJ,7112000.0,Serviços de engenharia,,ATIVA_OUTRA_UF
23953373000182,Bahia Industria De Subprodutos Animais Ltda,SESI,3.Pequena,Preparação de subprodutos do abate,BAHIA INDUSTRIA DE SUBPRODUTOS ANIMAIS LTDA,ATIVA,2016-01-12,TEODORO SAMPAIO,BA,1013902.0,Preparação de subprodutos do abate,,ATIVA_OUTRA_UF
26389015000187,Data Engenharia Ltda,SESI,4.Micro,"Manutenção e reparação de geradores, transformadores e motores elétricos",DATA ENGENHARIA LTDA,ATIVA,2005-11-03,SARZEDO,MG,3313901.0,"Manutenção e reparação de geradores, transformadores e motores elétricos",,ATIVA_OUTRA_UF
26736810000102,Geoagro Perfuracoes E Sondagens S.a,SESI,4.Micro,Perfurações e sondagens,GEOAGRO PERFURACOES E SONDAGENS S.A,ATIVA,2016-12-19,VILA VELHA,ES,4312600.0,Perfurações e sondagens,,ATIVA_OUTRA_UF
27358066000104,Alirio Alisson Benjamim Alves Ricarte Ceramica Ltda,SESI,3.Pequena,"Fabricação de artefatos de cerâmica e barro cozido para uso na construção, exceto azulejos e pisos",LCARDIM CERAMICA LTDA,INAPTA,2026-05-26,PORTO DE PEDRAS,AL,2342702.0,"Fabricação de artefatos de cerâmica e barro cozido para uso na construção, exceto azulejos e pisos",,NAO_ATIVA
29112325000148,Weston & Cia Cervejaria Artesanal Ltda,SESI,4.Micro,Fabricação de cervejas e chopes,WESTON & CIA CERVEJARIA ARTESANAL LTDA,SUSPENSA,2026-06-05,MACEIO,AL,1113502.0,Fabricação de cervejas e chopes,,NAO_ATIVA
29325963000147,E C L Almeida,SESI,4.Micro,FABRICAÇÃO DE PRODUTOS DE PANIFICAÇÃO INDUSTRIAL,E C L ALMEIDA,INAPTA,2026-05-26,MACEIO,AL,1091102.0,Fabricação de produtos de padaria e confeitaria com predominância de produção própria,,NAO_ATIVA
31820106000165,Reobote Sistemas Ltda,SESI,4.Micro,Instalações de sistema de prevenção contra incêndio,REOBOTE SISTEMAS LTDA,ATIVA,2018-10-22,BELO HORIZONTE,MG,4751201.0,Comércio varejista especializado de equipamentos e suprimentos de informática,,ATIVA_OUTRA_UF
34186669000301,Origem Energia Alagoas S.a.,SESI,1.Grande,Extração de petróleo e gás natural,ORIGEM ENERGIA ALAGOAS S.A.,BAIXADA,2026-06-30,PILAR,AL,600001.0,Extração de petróleo e gás natural,,NAO_ATIVA
34186669000565,Origem Energia Alagoas S.a.,SESI,2.Média,Extração de petróleo e gás natural,ORIGEM ENERGIA ALAGOAS S.A.,BAIXADA,2026-06-30,SAO MIGUEL DOS CAMPOS,AL,600001.0,Extração de petróleo e gás natural,,NAO_ATIVA
34895118000147,M B S Costa Damasceno Ltda,SESI,4.Micro,Fabricação de esquadrias de metal,M B S COSTA DAMASCENO LTDA,ATIVA,2019-09-17,MARECHAL DEODORO,AL,4744001.0,Comércio varejista de ferragens e ferramentas,,ATIVA_AL
36329165000159,G Moveis Ltda,SESI,4.Micro,Fabricação de móveis com predominância de metal,G MOVEIS LTDA,ATIVA,2020-02-11,MACEIO,AL,3102100.0,Fabricação de móveis com predominância de metal,,ATIVA_AL
36999552000100,"Mg Construcao, Manutencao E Servicos Ltda",SESI,4.Micro,Instalação e manutenção elétrica,"MG CONSTRUCAO, MANUTENCAO E SERVICOS LTDA",ATIVA,2020-04-24,SAO LUIS,MA,4321500.0,Instalação e manutenção elétrica,,ATIVA_OUTRA_UF
38497296000170,J L Da Silva Industria E Comercio,SESI,4.Micro,"Fabricação de especiarias, molhos, temperos e condimentos",J L DA SILVA INDUSTRIA E COMERCIO,BAIXADA,2026-01-14,MACEIO,AL,1095300.0,"Fabricação de especiarias, molhos, temperos e condimentos",,NAO_ATIVA
41406475000160,"Maceio Print Grafica, Sinalizacao E Locacao Ltda",SESI,3.Pequena,Impressão de material para uso publicitário,"MACEIO PRINT GRAFICA, SINALIZACAO E LOCACAO LTDA",BAIXADA,2024-02-06,MACEIO,AL,1813001.0,Impressão de material para uso publicitário,,NAO_ATIVA
42150391000170,Braskem S.a,SESI,3.Pequena,Fabricação de produtos petroquímicos básicos,BRASKEM S.A,ATIVA,2005-11-03,CAMACARI,BA,2021500.0,Fabricação de produtos petroquímicos básicos,,ATIVA_OUTRA_UF
43249460000160,Warlem Teofilo Alves Ltda,SESI,4.Micro,Recuperação de sucatas de alumínio,WARLEM TEOFILO ALVES LTDA,ATIVA,2021-08-24,MACEIO,AL,8211300.0,Serviços combinados de escritório e apoio administrativo,,ATIVA_AL
43995907000140,Flex Industria E Comercio Ltda,SESI,4.Micro,Fabricação de fraldas descartáveis,FLEX INDUSTRIA E COMERCIO LTDA,INAPTA,2026-06-15,SAO SEBASTIAO,AL,1742701.0,Fabricação de fraldas descartáveis,,NAO_ATIVA
45075715000141,Honor Service Ltda,SESI,3.Pequena,Instalação e manutenção elétrica,HONOR SERVICE LTDA,ATIVA,2022-01-31,LONDRINA,PR,4321500.0,Instalação e manutenção elétrica,,ATIVA_OUTRA_UF
47409771000109,Thiago Lins Batista 01140757431,SESI,4.Micro,"Instalação e manutenção de sistemas centrais de ar condicionado, de ventilação e refrigeração",THIAGO LINS BATISTA 01140757431,BAIXADA,2026-03-23,MACEIO,AL,4322302.0,"Instalação e manutenção de sistemas centrais de ar condicionado, de ventilação e refrigeração",,NAO_ATIVA
48962242000192,Quimica Nordeste De Produtos Ltda,SESI,3.Pequena,Fabricação de sabões e detergentes sintéticos,QUIMICA NORDESTE DE PRODUTOS LTDA,INAPTA,2026-06-15,MACEIO,AL,2061400.0,Fabricação de sabões e detergentes sintéticos,,NAO_ATIVA
49930514000135,Sodexo Do Brasil Comercial S.a.,SESI,1.Grande,Fornecimento de alimentos preparados preponderantemente para empresas,SODEXO DO BRASIL COMERCIAL S.A.,ATIVA,2005-11-03,SAO PAULO,SP,5620101.0,Fornecimento de alimentos preparados preponderantemente para empresas,,ATIVA_OUTRA_UF
50567288000744,Sociedade Michelin De Participacoes Indust E Comercio Ltda,SESI,2.Média,Fabricação de pneumáticos e de câmaras-de-ar,SOCIEDADE MICHELIN DE PARTICIPACOES INDUST E COMERCIO LTDA,ATIVA,2005-11-03,RIO DE JANEIRO,RJ,2211100.0,Fabricação de pneumáticos e de câmaras-de-ar,,ATIVA_OUTRA_UF
51899013000185,Petroworks Do Brasil Ltda.,SESI,3.Pequena,Perfurações e sondagens,PETROWORKS DO BRASIL LTDA.,ATIVA,2023-08-22,MOSSORO,RN,4312600.0,Perfurações e sondagens,,ATIVA_OUTRA_UF
54202484000180,D S Comercio De Eucalipto Ltda,SESI,4.Micro,"Fabricação de artefatos diversos de madeira, exceto móveis",D S COMERCIO DE EUCALIPTO LTDA,BAIXADA,2026-07-29,ATALAIA,AL,1629301.0,"Fabricação de artefatos diversos de madeira, exceto móveis",,NAO_ATIVA
57467850000111,Cymi Aguas Alagoas S.a.,SESI,3.Pequena,"Construção de redes de abastecimento de água, coleta de esgoto e construções correlatas, exceto obras de irrigação",CYMI AGUAS ALAGOAS S.A.,ATIVA,2024-09-27,RIO DE JANEIRO,RJ,4222701.0,"Construção de redes de abastecimento de água, coleta de esgoto e construções correlatas, exceto obras de irrigação",,ATIVA_OUTRA_UF
64904295005920,Camil Alimentos S.a.,SESI,2.Média,Fabricação de biscoitos e bolachas,CAMIL ALIMENTOS S.A.,ATIVA,2022-09-09,ITAPORANGA D'AJUDA,SE,1092900.0,Fabricação de biscoitos e bolachas,,ATIVA_OUTRA_UF
65080391000147,M J Panificacao Ltda,SESI,4.Micro,FABRICAÇÃO DE PRODUTOS DE PANIFICAÇÃO INDUSTRIAL,M J PANIFICACAO LTDA,ATIVA,2026-02-11,SAO MIGUEL DOS CAMPOS,AL,1091102.0,Fabricação de produtos de padaria e confeitaria com predominância de produção própria,,ATIVA_AL
65456832000162,Erm Brasil Ltda,SESI,2.Média,Serviços de engenharia,ERM BRASIL LTDA,ATIVA,2004-12-24,SAO PAULO,SP,7112000.0,Serviços de engenharia,,ATIVA_OUTRA_UF
66745231000132,Panificacao A Casa Portuguesa Pao E Mais Ltda,SESI,4.Micro,FABRICAÇÃO DE PRODUTOS DE PANIFICAÇÃO INDUSTRIAL,PANIFICACAO A CASA PORTUGUESA PAO E MAIS LTDA,ATIVA,2026-05-12,MACEIO,AL,1091102.0,Fabricação de produtos de padaria e confeitaria com predominância de produção própria,,ATIVA_AL
66799281000100,Dfs Comercio E Industria Ltda,SESI,3.Pequena,Fabricação de gelo comum,DFS COMERCIO E INDUSTRIA LTDA,ATIVA,2026-05-11,MACEIO,AL,1099604.0,Fabricação de gelo comum,,ATIVA_AL
68362521000122,Alagoas Rendering Ltda,SESI,3.Pequena,Preparação de subprodutos do abate,ALAGOAS RENDERING LTDA,ATIVA,2026-08-03,SANTA LUZIA DO NORTE,AL,1013902.0,Preparação de subprodutos do abate,,ATIVA_AL
68409605000174,Paraty Ltda,SESI,2.Média,Fabricação de azulejos e pisos,PARATY LTDA,ATIVA,2026-08-05,MARECHAL DEODORO,AL,2342701.0,Fabricação de azulejos e pisos,,ATIVA_AL
78391612000140,Ibq - Industrias Quimicas S/a,SESI,4.Micro,"Fabricação de pólvoras, explosivos e detonantes",IBQ - INDUSTRIAS QUIMICAS S/A,ATIVA,2005-11-03,QUATRO BARRAS,PR,2092401.0,"Fabricação de pólvoras, explosivos e detonantes",,ATIVA_OUTRA_UF
79500385000106,Consistem Sistemas Ltda,SESI,2.Média,Desenvolvimento e licenciamento de programas de computador não-customizáveis,CONSISTEM SISTEMAS LTDA,ATIVA,2002-07-06,JARAGUA DO SUL,SC,6203100.0,Desenvolvimento e licenciamento de programas de computador não-customizáveis,,ATIVA_OUTRA_UF
82945932000171,Parati Industria E Comercio De Alimentos Ltda,SESI,2.Média,Fabricação de biscoitos e bolachas,PARATI INDUSTRIA E COMERCIO DE ALIMENTOS LTDA,ATIVA,2005-11-03,SAO LOURENCO DO OESTE,SC,1092900.0,Fabricação de biscoitos e bolachas,,ATIVA_OUTRA_UF
82984287000104,Irmaos Fischer Sa Ind E Com,SESI,1.Grande,"Fabricação de outros aparelhos eletrodomésticos não especificados anteriormente, peças e acessórios",IRMAOS FISCHER SA IND E COM,ATIVA,2005-06-11,BRUSQUE,SC,2759799.0,"Fabricação de outros aparelhos eletrodomésticos não especificados anteriormente, peças e acessórios",,ATIVA_OUTRA_UF
2359689000170,Sk Infraestrutura Ltda,SENAI,4.Micro,"Obras portuárias, marítimas e fluviais",SK INFRAESTRUTURA LTDA,ATIVA,2005-11-03,CURITIBA,PR,4291000.0,"Obras portuárias, marítimas e fluviais",,ATIVA_OUTRA_UF
2586873000153,Casel Servicos De Eletricidade Ltda,SENAI,4.Micro,Construção de edifícios,CASEL SERVICOS DE ELETRICIDADE LTDA,ATIVA,2005-08-27,GOIANIRA,GO,4120400.0,Construção de edifícios,,ATIVA_OUTRA_UF
2867678000100,Nip Global Ltda,SENAI,2.Média,Serviços de engenharia,NIP GLOBAL LTDA,ATIVA,2001-02-25,VITORIA,ES,7112000.0,Serviços de engenharia,,ATIVA_OUTRA_UF
3279056000115,Cabecal - Calcario De Cabeceiras Mineracao Ltda,SENAI,4.Micro,"Extração de minerais para fabricação de adubos, fertilizantes e outros produtos químicos",CABECAL - CALCARIO DE CABECEIRAS MINERACAO LTDA,ATIVA,2004-03-20,CABECEIRAS,GO,891600.0,"Extração de minerais para fabricação de adubos, fertilizantes e outros produtos químicos",,ATIVA_OUTRA_UF
3470536000169,Energia Empreendimentos Ltda,SENAI,3.Pequena,Construção de edifícios,ENERGIA EMPREENDIMENTOS LTDA,ATIVA,2005-08-27,PAULO AFONSO,BA,4120400.0,Construção de edifícios,,ATIVA_OUTRA_UF
3698620000568,Green4t Solucoes Ti Ltda,SENAI,3.Pequena,Outras obras de instalações em construções não especificadas anteriormente,GREEN4T SOLUCOES TI LTDA,ATIVA,2021-10-15,BARUERI,SP,4329199.0,Outras obras de instalações em construções não especificadas anteriormente,,ATIVA_OUTRA_UF
3746272000123,Sian Engenharia Ltda,SENAI,3.Pequena,Construção de edifícios,SIAN ENGENHARIA LTDA,ATIVA,,SALVADOR,BA,4120400.0,Construção de edifícios,,ATIVA_OUTRA_UF
4401310000179,Teccel - Tecnologia Da Construcao Civil E Eletrica Ltda,SENAI,2.Média,Construção de estações e redes de distribuição de energia elétrica,TECCEL - TECNOLOGIA DA CONSTRUCAO CIVIL E ELETRICA LTDA,ATIVA,2005-11-03,CAJAZEIRAS,PB,4221902.0,Construção de estações e redes de distribuição de energia elétrica,,ATIVA_OUTRA_UF
6173511000191,Retrofit Engenharia De Servicos Ltda,SENAI,3.Pequena,Construção de edifícios,RETROFIT ENGENHARIA DE SERVICOS LTDA,ATIVA,,RIO DE JANEIRO,RJ,4120400.0,Construção de edifícios,,ATIVA_OUTRA_UF
7103225000112,Empresa Brasileira De Construcao Ltda,SENAI,3.Pequena,Construção de edifícios,EMPRESA BRASILEIRA DE CONSTRUCAO LTDA,ATIVA,2004-11-24,SALVADOR,BA,4120400.0,Construção de edifícios,,ATIVA_OUTRA_UF
7478417000103,Metro Engenharia E Consultoria Ltda,SENAI,1.Grande,Construção de edifícios,METRO ENGENHARIA E CONSULTORIA LTDA,ATIVA,2005-06-09,SALVADOR,BA,4120400.0,Construção de edifícios,,ATIVA_OUTRA_UF
8343492000120,Mrv Engenharia E Participacoes Sa,SENAI,1.Grande,Incorporação de empreendimentos imobiliários,MRV ENGENHARIA E PARTICIPACOES SA,ATIVA,2006-09-29,BELO HORIZONTE,MG,4110700.0,Incorporação de empreendimentos imobiliários,,ATIVA_OUTRA_UF
8726496000197,Engeko Engenharia E Construcao Ltda,SENAI,3.Pequena,Construção de edifícios,ENGEKO ENGENHARIA E CONSTRUCAO LTDA,ATIVA,2007-03-15,SAO PAULO,SP,4120400.0,Construção de edifícios,,ATIVA_OUTRA_UF
8900689000112,J.r.feyh & Cia Ltda,SENAI,3.Pequena,Construção de estações e redes de distribuição de energia elétrica,J.R.FEYH & CIA LTDA,ATIVA,2007-05-25,AUGUSTO PESTANA,RS,4221902.0,Construção de estações e redes de distribuição de energia elétrica,,ATIVA_OUTRA_UF
10340747000142,Guerrero Construtora E Empreendimentos Ltda,SENAI,3.Pequena,Construção de estações e redes de distribuição de energia elétrica,GUERRERO CONSTRUTORA E EMPREENDIMENTOS LTDA,ATIVA,2008-09-09,SAO MATEUS,ES,4221902.0,Construção de estações e redes de distribuição de energia elétrica,,ATIVA_OUTRA_UF
10616674000179,Builders Loc Locadora E Operadora De Maquinas E Equipamentos Ltda,SENAI,4.Micro,Serviços de operação e fornecimento de equipamentos para transporte e elevação de cargas e pessoas para uso em obras,BUILDERS LOC LOCADORA E OPERADORA DE MAQUINAS E EQUIPAMENTOS LTDA,ATIVA,2008-12-02,SAO BERNARDO DO CAMPO,SP,4399104.0,Serviços de operação e fornecimento de equipamentos para transporte e elevação de cargas e pessoas para uso em obras,,ATIVA_OUTRA_UF
11493623000160,Magnetron Industria E Comercio De Componentes Ltda,SENAI,2.Média,"Fabricação de material elétrico e eletrônico para veículos automotores, exceto baterias",MAGNETRON INDUSTRIA E COMERCIO DE COMPONENTES LTDA,ATIVA,2010-01-15,SAO JOSE DOS PINHAIS,PR,2945000.0,"Fabricação de material elétrico e eletrônico para veículos automotores, exceto baterias",,ATIVA_OUTRA_UF
11512944000164,Faab Engenharia Ltda,SENAI,2.Média,Construção de estações e redes de distribuição de energia elétrica,FAAB ENGENHARIA LTDA,ATIVA,2005-11-03,RECIFE,PE,4221902.0,Construção de estações e redes de distribuição de energia elétrica,,ATIVA_OUTRA_UF
12312799000211,Panificacao Jaragua Ltda,SENAI,4.Micro,FABRICAÇÃO DE PRODUTOS DE PANIFICAÇÃO INDUSTRIAL,PANIFICACAO JARAGUA LTDA,ATIVA,2026-05-08,MACEIO,AL,1091102.0,Fabricação de produtos de padaria e confeitaria com predominância de produção própria,,ATIVA_AL
16599987000142,Applus Qualitec Servicos De Engenharia Ltda,SENAI,4.Micro,Serviços de engenharia,APPLUS QUALITEC SERVICOS DE ENGENHARIA LTDA,ATIVA,2005-11-03,IBIRITE,MG,7112000.0,Serviços de engenharia,,ATIVA_OUTRA_UF
20293552000142,Ellca 2 Servicos & Locacoes Ltda,SENAI,2.Média,Instalação e manutenção elétrica,ELLCA 2 SERVICOS & LOCACOES LTDA,ATIVA,2014-05-21,RIO DE JANEIRO,RJ,4321500.0,Instalação e manutenção elétrica,,ATIVA_OUTRA_UF
23571419000107,Jael Engenharia Ltda,SENAI,4.Micro,Serviços de engenharia,JAEL ENGENHARIA LTDA,ATIVA,2015-10-29,SAO LUIS,MA,7112000.0,Serviços de engenharia,,ATIVA_OUTRA_UF
23585778000105,Sbv Solucoes Ambientais Ltda,SENAI,2.Média,"Obras portuárias, marítimas e fluviais",SBV SOLUCOES AMBIENTAIS LTDA,ATIVA,2015-10-13,MACEIO,AL,4291000.0,"Obras portuárias, marítimas e fluviais",,ATIVA_AL
26794410000226,Tcl Semp Industria E Comerco De Condicionadores De Ar S.a,SENAI,1.Grande,Fabricação de aparelhos e equipamentos de ar condicionado para uso não-industrial,TCL SEMP INDUSTRIA E COMERCO DE CONDICIONADORES DE AR S.A,ATIVA,2019-08-14,CAJAMAR,SP,2824102.0,Fabricação de aparelhos e equipamentos de ar condicionado para uso não-industrial,,ATIVA_OUTRA_UF
41200286000136,Trez Participacoes E Engenharia Ltda,SENAI,3.Pequena,Construção de edifícios,TREZ PARTICIPACOES E ENGENHARIA LTDA,ATIVA,2021-03-12,RECIFE,PE,4120400.0,Construção de edifícios,,ATIVA_OUTRA_UF
43249460000160,Warlem Teofilo Alves Ltda,SENAI,4.Micro,Recuperação de sucatas de alumínio,WARLEM TEOFILO ALVES LTDA,ATIVA,2021-08-24,MACEIO,AL,8211300.0,Serviços combinados de escritório e apoio administrativo,,ATIVA_AL
46806564000117,Sunset Residence Frances Spe Ltda,SENAI,3.Pequena,Incorporação de empreendimentos imobiliários,SUNSET RESIDENCE FRANCES SPE LTDA,ATIVA,2022-06-15,MARECHAL DEODORO,AL,4110700.0,Incorporação de empreendimentos imobiliários,,ATIVA_AL
49329618000199,Sistenge Construcoes E Comercio Ltda,SENAI,4.Micro,Construção de edifícios,SISTENGE CONSTRUCOES E COMERCIO LTDA,ATIVA,2005-11-03,SAO PAULO,SP,4120400.0,Construção de edifícios,,ATIVA_OUTRA_UF
61082316000245,Vip Sports Group Industria E Comercio Ltda,SENAI,4.Micro,"Confecção de peças do vestuário, exceto roupas íntimas e as confeccionadas sob medida",VIP SPORTS GROUP INDUSTRIA E COMERCIO LTDA,ATIVA,2026-01-13,MACEIO,AL,1412601.0,"Confecção de peças de vestuário, exceto roupas íntimas e as confeccionadas sob medida",,ATIVA_AL
