CNAE,STATUS_RELACIONAMENTO,QUANTIDADE
Construção de edifícios,SOMENTE SENAI,44
FABRICAÇÃO DE PRODUTOS DE PANIFICAÇÃO INDUSTRIAL,SOMENTE SESI,42
Restaurantes e similares,SOMENTE SESI,40
Serviços de comunicação multimídia - SCM,SOMENTE SESI,29
Construção de edifícios,SOMENTE SESI,29
Hotéis,SOMENTE SESI,19
Incorporação de empreendimentos imobiliários,SOMENTE SENAI,19
"Lanchonetes, casas de chá, de sucos e similares",SOMENTE SESI,18
Instalação e manutenção elétrica,SOMENTE SESI,17
Comércio a varejo de peças e acessórios novos para veículos automotores,SOMENTE SESI,17
Construção de edifícios,SESI + SENAI,16
Incorporação de empreendimentos imobiliários,SOMENTE SESI,16
Serviços combinados de escritório e apoio administrativo,SOMENTE SESI,16
"Lanchonetes, casas de chá, de sucos e similares",SOMENTE SENAI,16
Administração pública em geral,SOMENTE SENAI,14
Serviços de manutenção e reparação mecânica de veículos automotores,SOMENTE SESI,14
Serviços de engenharia,SOMENTE SESI,13
Outras atividades de ensino não especificadas anteriormente,SOMENTE SESI,13
Gestão e administração da propriedade imobiliária,SOMENTE SESI,13
Fabricação de laticínios,SOMENTE SESI,12
Ensino fundamental,SOMENTE SESI,12
Comércio varejista de materiais de construção em geral,SOMENTE SESI,12
Provedores de acesso às redes de comunicações,SOMENTE SESI,12
Condomínios prediais,SOMENTE SESI,12
Atividade médica ambulatorial restrita a consultas,SOMENTE SESI,12
Fornecimento de alimentos preparados preponderantemente para empresas,SOMENTE SESI,11
Atividades de associações de defesa de direitos sociais,SOMENTE SESI,10
Promoção de vendas,SOMENTE SESI,9
FABRICAÇÃO DE PRODUTOS DE PANIFICAÇÃO INDUSTRIAL,SESI + SENAI,9
"Aparelhamento de placas e execução de trabalhos em mármore, granito, ardósia e outras pedras",SOMENTE SESI,9
Construção de rodovias e ferrovias,SOMENTE SENAI,9
Comércio atacadista de produtos alimentícios em geral,SOMENTE SESI,9
Instalação e manutenção elétrica,SOMENTE SENAI,9
Impressão de material para outros usos,SOMENTE SESI,9
"Transporte rodoviário de carga, exceto produtos perigosos e mudanças, intermunicipal, interestadual e internacional",SOMENTE SESI,8
Comercio varejista de artigos de armarinho,SOMENTE SESI,8
Incorporação de empreendimentos imobiliários,SESI + SENAI,8
Comércio varejista de artigos do vestuário e acessórios,SOMENTE SESI,8
"Comércio varejista de mercadorias em geral, com predominância de produtos alimentícios - minimercados, mercearias e armazéns",SOMENTE SESI,8
Comércio varejista de ferragens e ferramentas,SOMENTE SESI,8
Fabricação de esquadrias de metal,SOMENTE SESI,8
"Atividades de atendimento hospitalar, exceto pronto-socorro e unidades para atendimento a urgências",SOMENTE SESI,8
"Atividades de consultoria em gestão empresarial, exceto consultoria técnica específica",SOMENTE SESI,8
FABRICAÇÃO DE PRODUTOS DE PADARIA E CONFEITARIA COM PREDOMINÂNCIA DE PRODUÇÃO PRÓPRIA,SOMENTE SESI,8
Atividade médica ambulatorial com recursos para realização de exames complementares,SOMENTE SESI,8
Fabricação de embalagens de material plástico,SOMENTE SESI,7
"Confecção de peças do vestuário, exceto roupas íntimas e as confeccionadas sob medida",SOMENTE SESI,7
Serviços de assistência social sem alojamento,SOMENTE SESI,7
Fabricação de biscoitos e bolachas,SOMENTE SESI,7
Comércio varejista de produtos alimentícios em geral ou especializado em produtos alimentícios não especificados anteriormente,SOMENTE SESI,7
"Comércio varejista de produtos farmacêuticos, com manipulação de fórmulas",SOMENTE SESI,7
Outros alojamentos não especificados anteriormente,SOMENTE SESI,7
Atividades associativas não especificadas anteriormente,SOMENTE SESI,6
Fabricação de móveis com predominância de madeira,SESI + SENAI,6
Fabricação de móveis com predominância de madeira,SOMENTE SESI,6
Restaurantes e similares,SOMENTE SENAI,6
Serviços advocatícios,SOMENTE SESI,6
Educação infantil - pré-escola,SOMENTE SESI,6
"Corretores e agentes de seguros, de planos de previdência complementar e de saúde",SOMENTE SESI,6
"Fabricação de artefatos de cerâmica e barro cozido para uso na construção, exceto azulejos e pisos",SOMENTE SESI,6
Comércio varejista de outros produtos não especificados anteriormente,SOMENTE SESI,6
Comércio varejista de móveis,SOMENTE SESI,6
"Serviços de instalação, manutenção e reparação de acessórios para veículos automotores",SOMENTE SESI,6
Serviços de lanternagem ou funilaria e pintura de veículos automotores,SOMENTE SESI,5
Serviços de engenharia,SOMENTE SENAI,5
Serviços de manutenção e reparação mecânica de veículos automotores,SOMENTE SENAI,5
Preparação de massa de concreto e argamassa para construção,SOMENTE SESI,5
Comércio varejista de materiais hidráulicos,SOMENTE SESI,5
Fabricação de sorvetes e outros gelados comestíveis,SESI + SENAI,5
Seleção e agenciamento de mão-de-obra,SOMENTE SESI,5
Atividades de cobrança e informações cadastrais,SOMENTE SESI,5
"Confecção de roupas profissionais, exceto sob medida",SOMENTE SESI,5
"Confecção, sob medida, de roupas profissionais",SOMENTE SESI,5
Coleta de resíduos não-perigosos,SOMENTE SESI,5
Comércio a varejo de peças e acessórios novos para veículos automotores,SOMENTE SENAI,5
Fabricação de águas envasadas,SOMENTE SESI,5
Fabricação de açúcar em bruto,SOMENTE SESI,5
FABRICAÇÃO DE PRODUTOS DE PANIFICAÇÃO INDUSTRIAL,SOMENTE SENAI,5
Fabricação de gelo comum,SOMENTE SESI,5
Fabricação de conservas de frutas,SOMENTE SESI,5
Atividades de contabilidade,SOMENTE SESI,5
Fabricação de artefatos de material plástico para uso pessoal e doméstico,SOMENTE SESI,5
Comércio varejista de madeira e artefatos,SOMENTE SESI,4
Preparação de massa de concreto e argamassa para construção,SESI + SENAI,4
Comércio varejista de tecidos,SOMENTE SESI,4
Serviços de funerárias,SOMENTE SESI,4
Preparação de documentos e serviços especializados de apoio administrativo não especificados anteriormente,SOMENTE SESI,4
Moagem e fabricação de produtos de origem vegetal não especificados anteriormente,SOMENTE SESI,4
Comércio varejista de calçados,SOMENTE SESI,4
Impressão de material para uso publicitário,SOMENTE SESI,4
"Serviços de organização de feiras, congressos, exposições e festas",SOMENTE SESI,4
Ensino de idiomas,SOMENTE SESI,4
Construção de estações e redes de telecomunicações,SOMENTE SESI,4
Tratamento e disposição de resíduos não-perigosos,SOMENTE SESI,4
"Atividades de intermediação e agenciamento de serviços e negócios em geral, exceto imobiliários",SOMENTE SESI,4
Fabricação de outros produtos alimentícios não especificados anteriormente,SOMENTE SESI,4
Extração de petróleo e gás natural,SOMENTE SESI,4
Condomínios prediais,SOMENTE SENAI,4
Confecção de roupas íntimas,SOMENTE SESI,4
Atividades de organizações religiosas,SOMENTE SESI,4
Atividades de condicionamento físico,SOMENTE SESI,4
Atividade odontológica com recursos para realização de procedimentos cirúrgicos,SOMENTE SESI,4
Atividades de associações de defesa de direitos sociais,SOMENTE SENAI,4
"Instalação de portas, janelas, tetos, divisórias e armários embutidos de qualquer material",SOMENTE SESI,3
Instalação de máquinas e equipamentos industriais,SOMENTE SESI,3
"Instalação e manutenção de sistemas centrais de ar condicionado, de ventilação e refrigeração",SOMENTE SESI,3
Comércio varejista de lubrificantes,SOMENTE SESI,3
Perfuração e construção de poços de água,SOMENTE SESI,3
Outras atividades de tratamento de beleza,SOMENTE SESI,3
Fabricação de artefatos de material plástico para uso pessoal e doméstico,SESI + SENAI,3
Fabricação de bijuterias e artefatos semelhantes,SOMENTE SESI,3
Treinamento em desenvolvimento profissional e gerencial,SOMENTE SENAI,3
Agências de publicidade,SOMENTE SESI,3
Aluguel de máquinas e equipamentos para escritório,SOMENTE SESI,3
Serviços de ressonância magnética,SOMENTE SESI,3
FABRICAÇÃO DE PRODUTOS DE PADARIA E CONFEITARIA COM PREDOMINÂNCIA DE PRODUÇÃO PRÓPRIA,SOMENTE SENAI,3
Fabricação de laticínios,SOMENTE SENAI,3
Fabricação de alimentos e pratos prontos,SOMENTE SENAI,3
Fabricação de estruturas metálicas,SOMENTE SESI,3
Fabricação de artefatos de cimento para uso na construção,SOMENTE SESI,3
Fabricação de móveis com predominância de metal,SOMENTE SESI,3
Fabricação de alimentos para animais,SOMENTE SESI,3
Fabricação de móveis com predominância de madeira,SOMENTE SENAI,3
"Representantes comerciais e agentes do comércio de madeira, material de construção e ferragens",SOMENTE SESI,3
"Captação, tratamento e distribuição de água",SESI + SENAI,3
"Construção de redes de abastecimento de água, coleta de esgoto e construções correlatas, exceto obras de irrigação",SOMENTE SENAI,3
Gestão e manutenção de cemitérios,SOMENTE SESI,3
Comércio varejista de produtos saneantes domissanitários,SOMENTE SESI,3
Serviços de alimentação para eventos e recepções - bufê,SOMENTE SESI,3
Comércio varejista especializado de eletrodomésticos e equipamentos de áudio e vídeo,SOMENTE SESI,3
Comércio varejista de materiais de construção não especificados anteriormente,SOMENTE SESI,3
Perfurações e sondagens,SOMENTE SESI,3
Outras atividades de prestação de serviços de informação não especificadas anteriormente,SOMENTE SESI,3
Comércio atacadista de lubrificantes,SOMENTE SESI,3
"Obras de urbanização - ruas, praças e calçadas",SOMENTE SESI,3
"Obras de urbanização - ruas, praças e calçadas",SOMENTE SENAI,3
Construção de estações e redes de distribuição de energia elétrica,SOMENTE SENAI,3
Fabricação de sorvetes e outros gelados comestíveis,SOMENTE SESI,3
Hotéis,SOMENTE SENAI,3
"Fabricação de cosméticos, produtos de perfumaria e de higiene pessoal",SOMENTE SESI,3
"Fabricação de estruturas pré-moldadas de concreto armado, em série e sob encomenda",SOMENTE SENAI,3
Operações de terminais,SOMENTE SESI,3
Testes e análises técnicas,SOMENTE SESI,3
Comércio varejista de animais vivos e de artigos e alimentos para animais de estimação,SOMENTE SESI,3
"Comércio varejista de cosméticos, produtos de perfumaria e de higiene pessoal",SOMENTE SESI,3
Comércio varejista de combustíveis para veículos automotores,SOMENTE SESI,3
Comércio atacadista de materiais de construção em geral,SOMENTE SESI,3
Outras atividades associativas profissionais,SOMENTE SESI,3
Serviços de engenharia,SESI + SENAI,3
Outras atividades de ensino não especificadas anteriormente,SOMENTE SENAI,3
Serviços de sepultamento,SOMENTE SESI,3
"Transporte rodoviário coletivo de passageiros, com itinerário fixo, intermunicipal em região metropolitana",SOMENTE SESI,3
Fabricação de cervejas e chopes,SOMENTE SESI,3
Fabricação de cimento,SOMENTE SESI,3
Fabricação de conservas de frutas,SOMENTE SENAI,3
"Extração de minerais para fabricação de adubos, fertilizantes e outros produtos químicos",SOMENTE SESI,3
Fabricação de águas envasadas,SESI + SENAI,3
Fabricação de laticínios,SESI + SENAI,3
Recuperação de materiais não especificados anteriormente,SESI + SENAI,2
Produção teatral,SOMENTE SESI,2
Recondicionamento e recuperação de motores para veículos automotores,SOMENTE SESI,2
Instalação de máquinas e equipamentos industriais,SOMENTE SENAI,2
Impressão de material para uso publicitário,SESI + SENAI,2
Outras obras de instalações em construções não especificadas anteriormente,SOMENTE SENAI,2
Comércio atacadista de cereais e leguminosas beneficiados,SOMENTE SESI,2
"Comércio atacadista de defensivos agrícolas, adubos, fertilizantes e corretivos do solo",SOMENTE SESI,2
Lavanderias,SOMENTE SESI,2
Instalação e manutenção elétrica,SESI + SENAI,2
Laboratórios clínicos,SOMENTE SESI,2
"Instalação e manutenção de sistemas centrais de ar condicionado, de ventilação e refrigeração",SOMENTE SENAI,2
"Comércio varejista de mercadorias em geral, com predominância de produtos alimentícios - supermercados",SOMENTE SESI,2
Comércio atacadista de leite e laticínios,SOMENTE SESI,2
"Comércio atacadista de cereais e leguminosas beneficiados, farinhas, amidos e féculas, com atividade de fracionamento e acondicionamento associada",SOMENTE SESI,2
Manutenção e reparação de outras máquinas e equipamentos para usos industriais não especificados anteriormente,SOMENTE SESI,2
"Comércio varejista de suvenires, bijuterias e artesanatos",SOMENTE SESI,2
Comércio varejista de vidros,SOMENTE SESI,2
Impressão de material para outros usos,SESI + SENAI,2
Comércio atacadista de produtos de higiene pessoal,SOMENTE SESI,2
Comércio atacadista de resíduos e sucatas metálicos,SOMENTE SESI,2
Comércio atacadista especializado em outros produtos alimentícios não especificados anteriormente,SOMENTE SESI,2
"Comércio varejista de cal, areia, pedra britada, tijolos e telhas",SOMENTE SESI,2
"Manutenção e reparação de geradores, transformadores e motores elétricos",SOMENTE SESI,2
"Comércio varejista de doces, balas, bombons e semelhantes",SOMENTE SESI,2
Manutenção e reparação de máquinas e aparelhos de refrigeração e ventilação para uso industrial e comercial,SOMENTE SESI,2
Comércio varejista de carnes - açougues,SOMENTE SESI,2
Comércio varejista de artigos médicos e ortopédicos,SOMENTE SESI,2
Pesquisa e desenvolvimento experimental em ciências sociais e humanas,SOMENTE SENAI,2
Operadores turísticos,SOMENTE SESI,2
Obras de terraplenagem,SOMENTE SENAI,2
"Obras portuárias, marítimas e fluviais",SOMENTE SENAI,2
"Manutenção e reparação de máquinas, aparelhos e materiais elétricos não especificados anteriormente",SESI + SENAI,2
Manutenção e reparação de outras máquinas e equipamentos para usos industriais não especificados anteriormente,SESI + SENAI,2
Administração da infra-estrutura portuária,SOMENTE SESI,2
"Serviços de diagnóstico por imagem com uso de radiação ionizante, exceto tomografia",SOMENTE SESI,2
Administração de obras,SOMENTE SESI,2
"Transporte rodoviário coletivo de passageiros, com itinerário fixo, municipal",SOMENTE SESI,2
"Transporte rodoviário de carga, exceto produtos perigosos e mudanças, intermunicipal, interestadual e internacional",SOMENTE SENAI,2
Fabricação de biscoitos e bolachas,SOMENTE SENAI,2
Fabricação de cervejas e chopes,SESI + SENAI,2
Serviços especializados para construção não especificados anteriormente,SOMENTE SESI,2
"Suporte técnico, manutenção e outros serviços em tecnologia da informação",SOMENTE SESI,2
Torrefação e moagem de café,SESI + SENAI,2
Serviços de tratamento e revestimento em metais,SOMENTE SENAI,2
Administração de obras,SOMENTE SENAI,2
Atividades de atendimento em pronto-socorro e unidades hospitalares para atendimento a urgências,SOMENTE SESI,2
Fabricação de artefatos de tanoaria e de embalagens de madeira,SOMENTE SESI,2
"Manutenção e reparação de tanques, reservatórios metálicos e caldeiras, exceto para veículos",SOMENTE SESI,2
Comércio atacadista de material elétrico,SOMENTE SENAI,2
"Comércio atacadista de mercadorias em geral, sem predominância de alimentos ou de insumos agropecuários",SOMENTE SESI,2
Atividades veterinárias,SOMENTE SESI,2
"Confecção de peças do vestuário, exceto roupas íntimas e as confeccionadas sob medida",SOMENTE SENAI,2
Recuperação de materiais não especificados anteriormente,SOMENTE SESI,2
Comércio varejista de outros artigos de uso doméstico não especificados anteriormente,SOMENTE SESI,2
Comércio varejista de outros produtos não especificados anteriormente,SOMENTE SENAI,2
Comércio varejista de plantas e flores naturais,SOMENTE SESI,2
"Confecção, sob medida, de peças do vestuário, exceto roupas íntimas",SOMENTE SESI,2
Comércio a varejo de motocicletas e motonetas novas,SOMENTE SESI,2
Comércio a varejo de peças e acessórios novos para motocicletas e motonetas,SOMENTE SESI,2
"Clubes sociais, esportivos e similares",SOMENTE SESI,2
Estacionamento de veículos,SOMENTE SESI,2
Fabricação de pneumáticos e de câmaras-de-ar,SOMENTE SESI,2
Fabricação de outros produtos de metal não especificados anteriormente,SOMENTE SESI,2
Fabricação de outros produtos de metal não especificados anteriormente,SOMENTE SENAI,2
Fabricação de sabões e detergentes sintéticos,SOMENTE SESI,2
Fabricação de refrigerantes,SOMENTE SESI,2
Fabricação de produtos de limpeza e polimento,SOMENTE SESI,2
Fabricação de produtos de carne,SOMENTE SESI,2
Cultivo de cana-de-açúcar,SESI + SENAI,2
"Fabricação de tintas, vernizes, esmaltes e lacas",SESI + SENAI,2
Fornecimento de alimentos preparados preponderantemente para empresas,SOMENTE SENAI,2
Fabricação de vinagres,SOMENTE SESI,2
Fabricação de vidro plano e de segurança,SOMENTE SENAI,2
Fabricação de tubos e acessórios de material plástico para uso na construção,SESI + SENAI,2
Desenvolvimento e licenciamento de programas de computador não-customizáveis,SOMENTE SESI,2
"Depósitos de mercadorias para terceiros, exceto armazéns gerais e guarda-móveis",SOMENTE SESI,2
"Criação de aves, exceto galináceos",SOMENTE SESI,2
Corretagem na compra e venda e avaliação de imóveis,SOMENTE SESI,2
Frigorífico - abate de bovinos,SOMENTE SESI,2
Construção de estações e redes de distribuição de energia elétrica,SOMENTE SESI,2
Preparação de subprodutos do abate,SOMENTE SESI,2
"Comércio varejista de produtos farmacêuticos, sem manipulação de fórmulas",SOMENTE SESI,2
Carga e descarga,SOMENTE SESI,2
"Preparação e fiação de fibras têxteis naturais, exceto algodão",SOMENTE SESI,2
Produção de gás; processamento de gás natural,SOMENTE SESI,2
"Confecção de roupas profissionais, exceto sob medida",SESI + SENAI,2
"Confecção, sob medida, de peças do vestuário, exceto roupas íntimas",SESI + SENAI,2
Cabeleireiros,SOMENTE SESI,2
Atividades de profissionais da área de saúde não especificadas anteriormente,SOMENTE SESI,2
Extração e britamento de pedras e outros materiais para construção e beneficiamento associado,SOMENTE SENAI,2
Fabricação de aguardente de cana-de-açúcar,SESI + SENAI,2
"FABRICAÇÃO DE ADUBOS E FERTILIZANTES, EXCETO ORGANOMINERAIS",SOMENTE SESI,2
Atividade médica ambulatorial com recursos para realização de procedimentos cirúrgicos,SOMENTE SESI,2
"Fabricação de artefatos de material plástico para uso na construção, exceto tubos e acessórios",SESI + SENAI,2
Fabricação de artefatos de material plástico para outros usos não especificados anteriormente,SOMENTE SESI,2
Fabricação de artefatos de material plástico para outros usos não especificados anteriormente,SESI + SENAI,2
"Fabricação de estruturas pré-moldadas de concreto armado, em série e sob encomenda",SOMENTE SESI,2
"Fabricação de farinha de milho e derivados, exceto óleos de milho",SOMENTE SESI,2
"Fabricação de estruturas pré-moldadas de concreto armado, em série e sob encomenda",SESI + SENAI,2
Ensino de arte e cultura não especificado anteriormente,SOMENTE SESI,2
"Fabricação de letras, letreiros e placas de qualquer material, exceto luminosos",SOMENTE SESI,2
"Fabricação de motores e turbinas, peças e acessórios, exceto para aviões e veículos rodoviários",SOMENTE SESI,2
Educação profissional de nível tecnológico,SOMENTE SESI,2
"Fabricação de móveis de outros materiais, exceto madeira e metal",SOMENTE SESI,2
"Fabricação de acessórios do vestuário, exceto para segurança e proteção",SOMENTE SESI,2
Atividades de organizações sindicais,SOMENTE SESI,2
Atividades de monitoramento de sistemas de segurança eletrônico,SOMENTE SESI,2
Apicultura,SOMENTE SESI,2
Fabricação de embalagens de material plástico,SESI + SENAI,2
Fabricação de esquadrias de madeira e de peças de madeira para instalações industriais e comerciais,SOMENTE SESI,2
Fabricação de esquadrias de metal,SOMENTE SENAI,2
"Fabricação de aparelhos e equipamentos de medida, teste e controle",SOMENTE SESI,2
Fabricação de artefatos de cimento para uso na construção,SESI + SENAI,2
"Fabricação de artefatos de cerâmica e barro cozido para uso na construção, exceto azulejos e pisos",SOMENTE SENAI,2
Atividades de fisioterapia,SOMENTE SESI,2
"Atividades de consultoria em gestão empresarial, exceto consultoria técnica específica",SOMENTE SENAI,2
"Fabricação de artefatos diversos de madeira, exceto móveis",SESI + SENAI,2
"Fabricação de artigos para viagem, bolsas e semelhantes de qualquer material",SOMENTE SESI,2
Fabricação de açúcar em bruto,SESI + SENAI,2
Fabricação de açúcar em bruto,SOMENTE SENAI,2
"Aluguel de outras máquinas e equipamentos comerciais e industriais não especificados anteriormente, sem operador",SOMENTE SESI,2
"Aluguel de palcos, coberturas e outras estruturas de uso temporário, exceto andaimes",SOMENTE SESI,2
Agências de viagens,SOMENTE SESI,2
Aluguel de imóveis próprios,SOMENTE SESI,2
Treinamento em desenvolvimento profissional e gerencial,SOMENTE SESI,1
Atividades de apoio à agricultura não especificadas anteriormente,SOMENTE SESI,1
Atividades associativas não especificadas anteriormente,SOMENTE SENAI,1
Atividades associativas não especificadas anteriormente,SESI + SENAI,1
Atividades de podologia,SOMENTE SESI,1
Atividades de organizações sindicais,SOMENTE SENAI,1
Atividades de organizações associativas patronais e empresariais,SOMENTE SESI,1
Atividades de fornecimento de infra-estrutura de apoio e assistência a paciente no domicílio,SOMENTE SESI,1
Atividades de enfermagem,SOMENTE SESI,1
"Serviços de diagnóstico por imagem com uso de radiação ionizante, exceto tomografia",SESI + SENAI,1
Serviços de comunicação multimídia - SCM,SOMENTE SENAI,1
Serviços de comunicação multimídia - SCM,SESI + SENAI,1
"Serviços de cartografia, topografia e geodésia",SOMENTE SESI,1
Serviços de borracharia para veículos automotores,SOMENTE SESI,1
Serviços de alinhamento e balanceamento de veículos automotores,SOMENTE SESI,1
"Serviços combinados para apoio a edifícios, exceto condomínios prediais",SOMENTE SESI,1
Serviços combinados de escritório e apoio administrativo,SOMENTE SENAI,1
Fabricação de biscoitos e bolachas,SESI + SENAI,1
Fabricação de azulejos e pisos,SOMENTE SESI,1
Fabricação de azulejos e pisos,SESI + SENAI,1
"Fabricação de artigos para viagem, bolsas e semelhantes de qualquer material",SESI + SENAI,1
"Fabricação de artigos do vestuário, produzidos em malharias e tricotagens, exceto meias",SOMENTE SESI,1
Fabricação de artigos de metal para uso doméstico e pessoal,SOMENTE SESI,1
Fabricação de artefatos têxteis para uso doméstico,SOMENTE SESI,1
"Fabricação de artefatos diversos de madeira, exceto móveis",SOMENTE SESI,1
Fabricação de artefatos de tapeçaria,SOMENTE SESI,1
Fabricação de colchões,SOMENTE SESI,1
Fabricação de colchões,SOMENTE SENAI,1
Fabricação de colchões,SESI + SENAI,1
Fabricação de cimento,SESI + SENAI,1
Fabricação de chapas e de embalagens de papelão ondulado,SOMENTE SESI,1
Fabricação de chapas e de embalagens de papelão ondulado,SOMENTE SENAI,1
Fabricação de chapas e de embalagens de papelão ondulado,SESI + SENAI,1
Fabricação de artefatos de material plástico para usos industriais,SOMENTE SESI,1
"Fabricação de artefatos de material plástico para uso na construção, exceto tubos e acessórios",SOMENTE SESI,1
Fabricação de artefatos de material plástico para outros usos não especificados anteriormente,SOMENTE SENAI,1
Fabricação de artefatos de cimento para uso na construção,SOMENTE SENAI,1
Fabricação de aparelhos e equipamentos para distribuição e controle de energia elétrica,SOMENTE SESI,1
Fabricação de aparelhos e equipamentos de ar condicionado para uso não-industrial,SOMENTE SENAI,1
Fabricação de esquadrias de madeira e de peças de madeira para instalações industriais e comerciais,SESI + SENAI,1
"Fabricação de especiarias, molhos, temperos e condimentos",SOMENTE SESI,1
"Fabricação de especiarias, molhos, temperos e condimentos",SOMENTE SENAI,1
"Fabricação de especiarias, molhos, temperos e condimentos",SESI + SENAI,1
"Fabricação de equipamentos para irrigação agrícola, peças e acessórios",SOMENTE SESI,1
"Fabricação de equipamentos hidráulicos e pneumáticos, peças e acessórios, exceto válvulas",SOMENTE SESI,1
Fabricação de equipamentos de transporte não especificados anteriormente,SOMENTE SESI,1
Fabricação de embalagens de material plástico,SOMENTE SENAI,1
Fabricação de defensivos agrícolas,SOMENTE SENAI,1
"Fabricação de conservas de peixes, crustáceos e moluscos",SOMENTE SESI,1
"Fabricação de máquinas e equipamentos para as indústrias de alimentos, bebidas e fumo, peças e acessórios",SOMENTE SESI,1
"Fabricação de máquinas e equipamentos para a indústria do plástico, peças e acessórios",SESI + SENAI,1
"Fabricação de material elétrico e eletrônico para veículos automotores, exceto baterias",SOMENTE SENAI,1
Fabricação de massas alimentícias,SESI + SENAI,1
Fabricação de alimentos para animais,SESI + SENAI,1
Fabricação de aditivos de uso industrial,SOMENTE SESI,1
FABRICAÇÃO DE PRODUTOS DE PADARIA E CONFEITARIA COM PREDOMINÂNCIA DE PRODUÇÃO PRÓPRIA,SESI + SENAI,1
Extração e britamento de pedras e outros materiais para construção e beneficiamento associado,SOMENTE SESI,1
Extração e britamento de pedras e outros materiais para construção e beneficiamento associado,SESI + SENAI,1
Fabricação de laminados planos e tubulares de material plástico,SOMENTE SENAI,1
Fabricação de laminados planos e tubulares de material plástico,SESI + SENAI,1
Fabricação de gelo comum,SOMENTE SENAI,1
Fabricação de fraldas descartáveis,SOMENTE SESI,1
"Fabricação de fios, cabos e condutores elétricos isolados",SESI + SENAI,1
Fabricação de farinha de mandioca e derivados,SOMENTE SESI,1
Fabricação de estruturas metálicas,SOMENTE SENAI,1
Fabricação de outros produtos de minerais não-metálicos não especificados anteriormente,SOMENTE SESI,1
Fabricação de outros produtos alimentícios não especificados anteriormente,SESI + SENAI,1
"Fabricação de outros artefatos e produtos de concreto, cimento, fibrocimento, gesso e materiais semelhantes",SOMENTE SENAI,1
"Fabricação de outros artefatos e produtos de concreto, cimento, fibrocimento, gesso e materiais semelhantes",SESI + SENAI,1
Extração de sal-gema,SOMENTE SESI,1
Extração de outros minerais não-metálicos não especificados anteriormente,SOMENTE SESI,1
Extração de minério de metais preciosos,SESI + SENAI,1
"Extração de minerais para fabricação de adubos, fertilizantes e outros produtos químicos",SOMENTE SENAI,1
Ensino médio,SOMENTE SESI,1
Ensino fundamental,SOMENTE SENAI,1
Ensino de dança,SOMENTE SESI,1
Educação profissional de nível técnico,SOMENTE SESI,1
"Fabricação de outros aparelhos eletrodomésticos não especificados anteriormente, peças e acessórios",SOMENTE SESI,1
Fabricação de obras de caldeiraria pesada,SOMENTE SESI,1
"Fabricação de móveis de outros materiais, exceto madeira e metal",SESI + SENAI,1
"Fabricação de máquinas e equipamentos para uso industrial específico não especificados anteriormente, peças e acessórios",SOMENTE SESI,1
"Fabricação de sucos de frutas, hortaliças e legumes, exceto concentrados",SESI + SENAI,1
"Fabricação de sucos concentrados de frutas, hortaliças e legumes",SOMENTE SESI,1
Fabricação de sorvetes e outros gelados comestíveis,SOMENTE SENAI,1
Fabricação de sabões e detergentes sintéticos,SESI + SENAI,1
Fabricação de resinas termoplásticas,SOMENTE SESI,1
Fabricação de resinas termoplásticas,SOMENTE SENAI,1
"Fabricação de pólvoras, explosivos e detonantes",SOMENTE SESI,1
Fabricação de produtos petroquímicos básicos,SOMENTE SESI,1
Fabricação de produtos derivados do cacau e de chocolates,SESI + SENAI,1
"Fabricação de produtos de trefilados de metal, exceto padronizados",SOMENTE SESI,1
"Fabricação de produtos de trefilados de metal, exceto padronizados",SESI + SENAI,1
Fabricação de produtos de trefilados de metal padronizados,SOMENTE SESI,1
Fabricação de produtos de papel para uso doméstico e higiênico-sanitário não especificados anteriormente,SOMENTE SESI,1
Fabricação de peças e acessórios para o sistema de direção e suspensão de veículos automotores,SOMENTE SESI,1
Fabricação de outros produtos químicos não especificados anteriormente,SOMENTE SESI,1
Fabricação de outros produtos químicos não especificados anteriormente,SOMENTE SENAI,1
Fabricação de tubos e acessórios de material plástico para uso na construção,SOMENTE SESI,1
"Fabricação de tintas, vernizes, esmaltes e lacas",SOMENTE SESI,1
Educação infantil - pré-escola,SOMENTE SENAI,1
"Edição integrada à impressão de cadastros, listas e outros produtos gráficos",SOMENTE SESI,1
"Edição de cadastros, listas e outros produtos gráficos",SOMENTE SESI,1
Distribuição de energia elétrica,SOMENTE SESI,1
Distribuição de energia elétrica,SOMENTE SENAI,1
Desenvolvimento e licenciamento de programas de computador customizáveis,SOMENTE SESI,1
Descontaminação e outros serviços de gestão de resíduos,SOMENTE SESI,1
Defesa,SOMENTE SENAI,1
Cultivo de eucalipto,SESI + SENAI,1
Cultivo de cana-de-açúcar,SOMENTE SENAI,1
Criação de frangos para corte,SOMENTE SESI,1
Criação de frangos para corte,SOMENTE SENAI,1
Criação de bovinos para leite,SOMENTE SESI,1
"Fabricação de sucos de frutas, hortaliças e legumes, exceto concentrados",SOMENTE SENAI,1
Fornecimento e gestão de recursos humanos para terceiros,SOMENTE SENAI,1
Criação de bovinos para leite,SOMENTE SENAI,1
Criação de bovinos para corte,SOMENTE SESI,1
Criação de bovinos para corte,SOMENTE SENAI,1
"Construção de redes de abastecimento de água, coleta de esgoto e construções correlatas, exceto obras de irrigação",SOMENTE SESI,1
Construção de obras-de-arte especiais,SOMENTE SENAI,1
Construção de instalações esportivas e recreativas,SOMENTE SESI,1
Construção de estações e redes de distribuição de energia elétrica,SESI + SENAI,1
Fornecimento de alimentos preparados preponderantemente para empresas,SESI + SENAI,1
Facção de roupas profissionais,SOMENTE SESI,1
Facção de roupas profissionais,SESI + SENAI,1
"Facção de peças do vestuário, exceto roupas íntimas",SOMENTE SESI,1
Fabricação de álcool,SOMENTE SESI,1
"Fabricação de válvulas, registros e dispositivos semelhantes, peças e acessórios",SOMENTE SESI,1
"Fabricação de válvulas, registros e dispositivos semelhantes, peças e acessórios",SOMENTE SENAI,1
Fabricação de vidro plano e de segurança,SOMENTE SESI,1
Comércio varejista de produtos alimentícios em geral ou especializado em produtos alimentícios não especificados anteriormente,SESI + SENAI,1
Comércio varejista de pedras para revestimento,SOMENTE SESI,1
Confecção de roupas íntimas,SESI + SENAI,1
"Confecção de peças do vestuário, exceto roupas íntimas e as confeccionadas sob medida",SESI + SENAI,1
"Comércio varejista especializado de peças e acessórios para aparelhos eletroeletrônicos para uso doméstico, exceto informática e comunicação",SOMENTE SESI,1
Comércio varejista especializado de equipamentos de telefonia e comunicação,SOMENTE SESI,1
Hotéis,SESI + SENAI,1
Holdings de instituições não-financeiras,SOMENTE SESI,1
Holdings de instituições não-financeiras,SOMENTE SENAI,1
Gestão e administração da propriedade imobiliária,SOMENTE SENAI,1
Gestão de redes de esgoto,SOMENTE SESI,1
Gestão de ativos intangíveis não-financeiros,SOMENTE SESI,1
Geração de energia elétrica,SESI + SENAI,1
Fundição de metais não-ferrosos e suas ligas,SOMENTE SESI,1
Fundição de ferro e aço,SOMENTE SESI,1
Fotocópias,SOMENTE SESI,1
"Instalação, manutenção e reparação de elevadores, escadas e esteiras rolantes, exceto de fabricação própria",SOMENTE SESI,1
Comércio varejista de mercadorias em lojas de conveniência,SOMENTE SESI,1
"Comércio varejista de mercadorias em geral, com predominância de produtos alimentícios - supermercados",SOMENTE SENAI,1
Comércio varejista de medicamentos veterinários,SOMENTE SESI,1
Comércio varejista de material elétrico,SOMENTE SESI,1
Comércio varejista de madeira e artefatos,SESI + SENAI,1
Comércio varejista de jornais e revistas,SOMENTE SESI,1
Comércio varejista de hortifrutigranjeiros,SOMENTE SESI,1
Comércio varejista de gás liqüefeito de petróleo (GLP),SOMENTE SENAI,1
Imunização e controle de pragas urbanas,SOMENTE SESI,1
Impressão de material para uso publicitário,SOMENTE SENAI,1
Impressão de material para outros usos,SOMENTE SENAI,1
"Impressão de livros, revistas e outras publicações periódicas",SOMENTE SESI,1
"Impressão de livros, revistas e outras publicações periódicas",SOMENTE SENAI,1
Comércio varejista de vidros,SOMENTE SENAI,1
Comércio varejista de tintas e materiais para pintura,SOMENTE SESI,1
"Manutenção e reparação de equipamentos hidráulicos e pneumáticos, exceto válvulas",SOMENTE SENAI,1
"Manutenção e reparação de equipamentos hidráulicos e pneumáticos, exceto válvulas",SESI + SENAI,1
Manutenção e reparação de equipamentos e produtos não especificados anteriormente,SOMENTE SESI,1
Manutenção de estações e redes de telecomunicações,SESI + SENAI,1
Comércio varejista de equipamentos para escritório,SOMENTE SESI,1
"Comércio varejista de doces, balas, bombons e semelhantes",SOMENTE SENAI,1
Comércio varejista de bicicletas e triciclos; peças e acessórios,SOMENTE SESI,1
Comércio varejista de artigos médicos e ortopédicos,SOMENTE SENAI,1
Comércio varejista de artigos esportivos,SOMENTE SESI,1
"Comércio varejista de artigos de tapeçaria, cortinas e persianas",SOMENTE SESI,1
Locação de automóveis sem condutor,SOMENTE SENAI,1
Laboratórios de anatomia patológica e citológica,SOMENTE SESI,1
Laboratórios clínicos,SOMENTE SENAI,1
Instituições de longa permanência para idosos,SOMENTE SESI,1
"Instalações hidráulicas, sanitárias e de gás",SESI + SENAI,1
Instalações de sistema de prevenção contra incêndio,SOMENTE SESI,1
Comércio por atacado de peças e acessórios novos para veículos automotores,SOMENTE SESI,1
Comércio por atacado de peças e acessórios novos para veículos automotores,SOMENTE SENAI,1
Comércio atacadista especializado em outros produtos intermediários não especificados anteriormente,SOMENTE SESI,1
"Comércio atacadista de pães, bolos, biscoitos e similares",SESI + SENAI,1
"Comércio atacadista de produtos de higiene, limpeza e conservação domiciliar",SOMENTE SESI,1
"Comércio atacadista de produtos alimentícios em geral, com atividade de fracionamento e acondicionamento associada",SOMENTE SESI,1
Comércio atacadista de produtos alimentícios em geral,SOMENTE SENAI,1
Comércio atacadista de produtos alimentícios em geral,SESI + SENAI,1
Comércio atacadista de medicamentos e drogas de uso humano,SESI + SENAI,1
Comércio atacadista de material elétrico,SOMENTE SESI,1
Manutenção e reparação de veículos ferroviários,SOMENTE SESI,1
"Manutenção e reparação de máquinas, aparelhos e materiais elétricos não especificados anteriormente",SOMENTE SESI,1
"Manutenção e reparação de máquinas, aparelhos e materiais elétricos não especificados anteriormente",SOMENTE SENAI,1
Manutenção e reparação de máquinas motrizes não-elétricas,SOMENTE SESI,1
Manutenção e reparação de máquinas e equipamentos para uso geral não especificados anteriormente,SOMENTE SENAI,1
"Manutenção e reparação de máquinas e equipamentos para as indústrias de alimentos, bebidas e fumo",SESI + SENAI,1
Outras obras de acabamento da construção,SESI + SENAI,1
"Outras atividades profissionais, científicas e técnicas não especificadas anteriormente",SOMENTE SESI,1
Outras atividades de telecomunicações não especificadas anteriormente,SOMENTE SENAI,1
Outras atividades de serviços prestados principalmente às empresas não especificadas anteriormente,SOMENTE SESI,1
Outras atividades de serviços pessoais não especificadas anteriormente,SOMENTE SESI,1
Outras atividades de prestação de serviços de informação não especificadas anteriormente,SOMENTE SENAI,1
Organização logística do transporte de carga,SOMENTE SENAI,1
Obras de terraplenagem,SOMENTE SESI,1
Obras de terraplenagem,SESI + SENAI,1
Obras de fundações,SOMENTE SESI,1
Obras de alvenaria,SOMENTE SESI,1
Obras de acabamento em gesso e estuque,SOMENTE SESI,1
Navegação de apoio marítimo,SOMENTE SESI,1
Marketing direto,SOMENTE SESI,1
Marketing direto,SOMENTE SENAI,1
Manutenção e reparação de válvulas industriais,SOMENTE SENAI,1
Preparação de canteiro e limpeza de terreno,SOMENTE SENAI,1
"Portais, provedores de conteúdo e outros serviços de informação na internet",SOMENTE SESI,1
Planos de saúde,SOMENTE SESI,1
Pesquisa e desenvolvimento experimental em ciências sociais e humanas,SOMENTE SESI,1
Pesquisa e desenvolvimento experimental em ciências físicas e naturais,SOMENTE SESI,1
"Comércio atacadista de instrumentos e materiais para uso médico, cirúrgico, hospitalar e de laboratórios",SOMENTE SESI,1
Comércio atacadista de ferragens e ferramentas,SOMENTE SESI,1
Comércio atacadista de ferragens e ferramentas,SOMENTE SENAI,1
"Comércio atacadista de farinhas, amidos e féculas",SOMENTE SESI,1
Comércio atacadista de embalagens,SOMENTE SESI,1
"Comércio atacadista de combustíveis de origem vegetal, exceto álcool carburante",SOMENTE SESI,1
"Comércio atacadista de chocolates, confeitos, balas, bombons e semelhantes",SOMENTE SESI,1
"Comércio atacadista de cerveja, chope e refrigerante",SOMENTE SESI,1
Comércio atacadista de carnes bovinas e suínas e derivados,SOMENTE SESI,1
Comércio a varejo de pneumáticos e câmaras-de-ar,SOMENTE SENAI,1
Outras obras de engenharia civil não especificadas anteriormente,SESI + SENAI,1
Produção de ovos,SOMENTE SESI,1
Produção de artefatos estampados de metal,SOMENTE SESI,1
Processamento industrial do fumo,SOMENTE SENAI,1
"Preservação de peixes, crustáceos e moluscos",SOMENTE SESI,1
Comércio a varejo de motocicletas e motonetas novas,SESI + SENAI,1
"Comércio a varejo de automóveis, camionetas e utilitários usados",SOMENTE SESI,1
"Comércio a varejo de automóveis, camionetas e utilitários novos",SOMENTE SENAI,1
Compra e venda de imóveis próprios,SOMENTE SESI,1
Compra e venda de imóveis próprios,SOMENTE SENAI,1
"Comercio varejista de artigos de cama, mesa e banho",SOMENTE SESI,1
Coleta de resíduos perigosos,SOMENTE SESI,1
"Clubes sociais, esportivos e similares",SOMENTE SENAI,1
Preparação do leite,SOMENTE SESI,1
Preparação do leite,SESI + SENAI,1
Preparação de massa de concreto e argamassa para construção,SOMENTE SENAI,1
Preparação de documentos e serviços especializados de apoio administrativo não especificados anteriormente,SOMENTE SENAI,1
"SERVIÇOS DE USINAGEM, TORNEARIA E SOLDA",SESI + SENAI,1
SERVIÇOS DE CAPOTARIA,SOMENTE SESI,1
Restaurantes e similares,SESI + SENAI,1
Reparação e manutenção de outros objetos e equipamentos pessoais e domésticos não especificados anteriormente,SOMENTE SESI,1
Reparação e manutenção de equipamentos eletroeletrônicos de uso pessoal e doméstico,SOMENTE SESI,1
Reparação e manutenção de equipamentos de comunicação,SOMENTE SESI,1
Reparação e manutenção de computadores e de equipamentos periféricos,SOMENTE SESI,1
Recuperação de sucatas de alumínio,SOMENTE SESI,1
Recuperação de sucatas de alumínio,SESI + SENAI,1
Recuperação de materiais plásticos,SOMENTE SENAI,1
Recuperação de materiais plásticos,SESI + SENAI,1
"Recuperação de materiais metálicos, exceto alumínio",SOMENTE SESI,1
Recarga de cartuchos para equipamentos de informática,SOMENTE SESI,1
Promoção de vendas,SOMENTE SENAI,1
Produção musical,SOMENTE SESI,1
Produção e promoção de eventos esportivos,SOMENTE SESI,1
Serviço de transporte de passageiros - locação de automóveis com motorista,SOMENTE SESI,1
Serrarias com desdobramento de madeira em bruto,SESI + SENAI,1
"Captação, tratamento e distribuição de água",SOMENTE SESI,1
"Captação, tratamento e distribuição de água",SOMENTE SENAI,1
Caixas econômicas,SOMENTE SENAI,1
Beneficiamento de arroz,SOMENTE SESI,1
"Bares e outros estabelecimentos especializados em servir bebidas, sem entretenimento",SOMENTE SESI,1
Atividades de franqueadas e permissionárias do Correio Nacional,SOMENTE SESI,1
Atividades de terapia ocupacional,SOMENTE SESI,1
Atividades de televisão aberta,SOMENTE SESI,1
Atividades de televisão aberta,SOMENTE SENAI,1
Atividades de rádio,SOMENTE SESI,1
Atividades de psicologia e psicanálise,SOMENTE SESI,1
Atividades de profissionais da nutrição,SOMENTE SESI,1
Segurança e ordem pública,SOMENTE SENAI,1
"SERVIÇOS DE USINAGEM, TORNEARIA E SOLDA",SOMENTE SENAI,1
Administração pública em geral,SOMENTE SESI,1
Abate de aves,SESI + SENAI,1
Abate de aves,SOMENTE SESI,1
Tratamento e disposição de resíduos não-perigosos,SOMENTE SENAI,1
Transporte rodoviário de produtos perigosos,SOMENTE SESI,1
"Transporte rodoviário de carga, exceto produtos perigosos e mudanças, municipal",SOMENTE SESI,1
Serviços de perícia técnica relacionados à segurança do trabalho,SOMENTE SESI,1
"Serviços de organização de feiras, congressos, exposições e festas",SOMENTE SENAI,1
Serviços de operação e fornecimento de equipamentos para transporte e elevação de cargas e pessoas para uso em obras,SOMENTE SESI,1
Serviços de operação e fornecimento de equipamentos para transporte e elevação de cargas e pessoas para uso em obras,SOMENTE SENAI,1
"Serviços de diagnóstico por registro gráfico - ECG, EEG e outros exames análogos",SOMENTE SESI,1
Serviços de diagnóstico por métodos ópticos - endoscopia e outros exames análogos,SOMENTE SESI,1
Atividades de associações de defesa de direitos sociais,SESI + SENAI,1
Atividades de apoio à extração de petróleo e gás natural,SOMENTE SESI,1
Atividades de apoio à extração de petróleo e gás natural,SOMENTE SENAI,1
"Atividades de apoio à educação, exceto caixas escolares",SOMENTE SESI,1
"Fabricação de cabines, carrocerias e reboques para outros veículos automotores, exceto caminhões e ônibus",SOMENTE SESI,1
"Fabricação de cabines, carrocerias e reboques para caminhões",SOMENTE SENAI,1
"Fabricação de cabines, carrocerias e reboques para caminhões",SESI + SENAI,1
Administração pública em geral,SESI + SENAI,1
Transporte dutoviário,SOMENTE SESI,1
Serviços de tratamento e revestimento em metais,SOMENTE SESI,1
Serviços de tomografia,SOMENTE SESI,1
Serviços de pintura de edifícios em geral,SOMENTE SESI,1
Serviços de pintura de edifícios em geral,SOMENTE SENAI,1
"Aparelhamento de placas e execução de trabalhos em mármore, granito, ardósia e outras pedras",SOMENTE SENAI,1
"Aparelhamento de placas e execução de trabalhos em mármore, granito, ardósia e outras pedras",SESI + SENAI,1
"Aluguel de móveis, utensílios e aparelhos de uso doméstico e pessoal; instrumentos musicais",SOMENTE SENAI,1
"Aluguel de máquinas e equipamentos para construção sem operador, exceto andaimes",SOMENTE SENAI,1
"Albergues, exceto assistenciais",SOMENTE SESI,1
Agências de fomento,SOMENTE SESI,1
"Agenciamento de espaços para publicidade, exceto em veículos de comunicação",SOMENTE SENAI,1
